/*
Navicat MySQL Data Transfer

Source Server         : 192.168.88.209_3306
Source Server Version : 50622
Source Host           : 192.168.88.209:3306
Source Database       : wms_zx_test

Target Server Type    : MYSQL
Target Server Version : 50622
File Encoding         : 65001

Date: 2018-08-03 17:09:59
*/

SET FOREIGN_KEY_CHECKS=0;

-- ----------------------------
-- Table structure for agent_auth_info
-- ----------------------------
DROP TABLE IF EXISTS `agent_auth_info`;
CREATE TABLE `agent_auth_info` (
  `auth_id` varchar(50) NOT NULL COMMENT '权限流水号',
  `auth_name` varchar(50) NOT NULL COMMENT '权限名称',
  `parent_auth_id` varchar(50) DEFAULT NULL COMMENT '父权限Id',
  `auth_property` char(1) NOT NULL COMMENT '权限属性(0:查看；1：编辑)',
  `auth_sort` int(11) NOT NULL COMMENT '排序',
  `created_date` datetime DEFAULT NULL COMMENT '创建时间',
  `created_by` varchar(10) DEFAULT NULL COMMENT '创建人',
  `updated_date` datetime DEFAULT NULL COMMENT '修改时间',
  `updated_by` varchar(10) DEFAULT NULL COMMENT '修改人',
  `level` int(11) DEFAULT NULL,
  PRIMARY KEY (`auth_id`),
  UNIQUE KEY `parent_auth_UK` (`auth_name`,`parent_auth_id`) USING BTREE
) ENGINE=InnoDB DEFAULT CHARSET=utf8 COMMENT='权限信息';

-- ----------------------------
-- Records of agent_auth_info
-- ----------------------------
INSERT INTO `agent_auth_info` VALUES ('account', '账户信息', 'myaccount', '1', '1', '2017-12-01 16:48:16', null, '2017-12-01 16:48:18', null, '2');
INSERT INTO `agent_auth_info` VALUES ('add', '直发装箱', 'expressvanning', '1', '2', '2017-12-01 15:35:47', null, '2017-12-01 15:35:53', null, '2');
INSERT INTO `agent_auth_info` VALUES ('allpackageE', '全部包裹', 'parcel', '1', '1', '2017-12-01 16:04:38', null, '2017-12-01 16:04:40', null, '2');
INSERT INTO `agent_auth_info` VALUES ('assginnetwork', '网点分配规则', 'systemAutomation', '1', '1', '2018-01-24 16:11:26', 'zm', '2018-01-24 16:11:30', 'zm', '2');
INSERT INTO `agent_auth_info` VALUES ('authEmployee', '员工管理', 'systemAuth', '1', '1', '2015-09-23 14:57:33', '', '2015-09-23 14:57:34', '', '2');
INSERT INTO `agent_auth_info` VALUES ('authRole', '岗位设置', 'systemAuth', '1', '0', '2015-09-23 14:57:33', '', '2015-09-23 14:57:34', '', '2');
INSERT INTO `agent_auth_info` VALUES ('autoreplace', '重新换单', 'express', '1', '4', '2017-12-01 16:01:28', null, '2017-12-01 16:01:31', null, '1');
INSERT INTO `agent_auth_info` VALUES ('box', '货箱型号', 'systemLogistics', '1', '5', '2018-01-24 16:10:07', 'zm', '2018-01-24 16:10:11', 'zm', '2');
INSERT INTO `agent_auth_info` VALUES ('boxedpackage', '已装箱包裹', 'expressvanning', '1', '4', '2017-12-01 15:38:41', null, '2017-12-01 15:38:44', null, '2');
INSERT INTO `agent_auth_info` VALUES ('branchNetwork', '配送网点', 'systemBranch', '1', '0', '2017-04-27 12:10:58', 'devil', '2017-04-27 12:10:58', 'devil', '2');
INSERT INTO `agent_auth_info` VALUES ('cancelupload', '撤销下单记录', 'confirm', '1', '4', '2018-02-05 14:58:05', 'xjx', '2018-02-05 14:58:05', 'xjx', '2');
INSERT INTO `agent_auth_info` VALUES ('chargedeal', '处理费自动规则', 'systemAutomation', '1', '2', '2018-03-03 15:03:19', null, '2018-03-03 15:03:21', null, '2');
INSERT INTO `agent_auth_info` VALUES ('companymanage', '客户管理', null, '1', '3', '2017-12-01 16:15:50', null, '2017-12-01 16:15:52', null, '0');
INSERT INTO `agent_auth_info` VALUES ('confirm', '确认', 'express', '1', '1', '2018-01-23 12:12:28', 'zm', '2018-01-23 12:12:31', 'zm', '1');
INSERT INTO `agent_auth_info` VALUES ('confirmGeneratelabel', '生成面单', 'confirm', '1', '6', '2018-01-23 12:21:41', 'zm', '2018-01-23 12:21:45', 'zm', '2');
INSERT INTO `agent_auth_info` VALUES ('confirmRepair', '等待数据修复', 'confirm', '1', '5', '2018-01-23 12:20:52', 'zm', '2018-01-23 12:20:56', 'zm', '2');
INSERT INTO `agent_auth_info` VALUES ('confirmUpload', '承运人下单', 'confirm', '1', '3', '2018-01-23 12:20:12', 'zm', '2018-01-23 12:20:16', 'zm', '2');
INSERT INTO `agent_auth_info` VALUES ('continueencase', '继续装箱', 'expressvanning', '1', '3', '2017-12-01 15:37:55', null, '2017-12-01 15:38:00', null, '2');
INSERT INTO `agent_auth_info` VALUES ('cuscharge', '客户费用', 'cussettlement', '1', '1', '2017-12-01 16:26:16', null, '2017-12-01 16:26:20', null, '2');
INSERT INTO `agent_auth_info` VALUES ('cusrecharge', '客户充值', 'cussettlement', '1', '4', '2017-12-01 16:29:53', null, '2017-12-01 16:29:55', null, '2');
INSERT INTO `agent_auth_info` VALUES ('cussettlement', '客户结算', 'finance', '1', '2', '2017-12-01 16:25:45', null, '2017-12-01 16:25:47', null, '1');
INSERT INTO `agent_auth_info` VALUES ('customer', '客户', 'companymanage', '1', '1', '2017-12-01 16:16:41', null, '2017-12-01 16:16:43', null, '1');
INSERT INTO `agent_auth_info` VALUES ('customerBill', '客户账单', 'cussettlement', '1', '2', '2017-12-01 16:29:23', null, '2017-12-01 16:29:25', null, '2');
INSERT INTO `agent_auth_info` VALUES ('customerinfo', '客户资料', 'customer', '1', '1', '2017-12-01 16:17:09', null, '2017-12-01 16:17:12', null, '2');
INSERT INTO `agent_auth_info` VALUES ('dailyBill', '每日账单', 'cussettlement', '1', '3', '2017-12-01 16:29:23', null, '2017-12-01 16:29:25', null, '2');
INSERT INTO `agent_auth_info` VALUES ('deliver', '运单', 'express', '1', '3', '2017-12-01 15:57:42', null, '2017-12-01 15:57:44', null, '1');
INSERT INTO `agent_auth_info` VALUES ('express', '专线作业', '', '1', '2', '2017-12-01 15:11:22', '', '2017-12-01 15:11:25', '', '0');
INSERT INTO `agent_auth_info` VALUES ('expressvanning', '装箱', 'express', '1', '2', '2017-12-01 15:00:57', null, '2017-12-01 15:00:59', null, '1');
INSERT INTO `agent_auth_info` VALUES ('expresswaitvanning', '等待装箱', 'expressvanning', '1', '1', '2017-12-01 14:59:45', null, '2017-12-01 14:59:47', null, '2');
INSERT INTO `agent_auth_info` VALUES ('feesetting', '运费设置', 'systemFinancial', '1', '3', '2018-03-03 15:07:47', null, '2018-03-03 15:07:49', null, '2');
INSERT INTO `agent_auth_info` VALUES ('finance', '财务管理', null, '1', '4', '2017-12-01 16:22:54', null, '2017-12-01 16:22:56', null, '0');
INSERT INTO `agent_auth_info` VALUES ('initialize', '初始设置', 'myaccount', '1', '3', '2017-12-01 16:49:13', null, '2017-12-01 16:49:15', null, '2');
INSERT INTO `agent_auth_info` VALUES ('logisticsCarrier', '承运人', 'systemLogistics', '1', '1', '2018-01-24 16:08:22', 'zm', '2018-01-24 16:08:26', 'zm', '2');
INSERT INTO `agent_auth_info` VALUES ('logisticsfee', '运费模型', 'systemFinancial', '1', '2', '2018-03-03 15:07:12', null, '2018-03-03 15:07:14', null, '2');
INSERT INTO `agent_auth_info` VALUES ('logisticsFirstway', '头程邮寄方式', 'systemLogistics', '1', '2', '2018-01-24 16:09:14', 'zm', '2018-01-24 16:09:18', 'zm', '2');
INSERT INTO `agent_auth_info` VALUES ('logisticsShipping', '尾程邮寄方式', 'systemLogistics', '1', '3', '2016-06-13 15:23:22', '', '2016-06-13 15:23:25', '', '2');
INSERT INTO `agent_auth_info` VALUES ('mailbag', '邮袋', 'express', '1', '0', '2018-01-30 18:01:18', 'xjx', '2018-01-30 18:01:22', 'xjx', '1');
INSERT INTO `agent_auth_info` VALUES ('mailbagdelivery', '邮袋交付', 'mailbag', '1', '3', '2018-01-30 18:09:34', 'xjx', '2018-01-30 18:09:34', 'xjx', '2');
INSERT INTO `agent_auth_info` VALUES ('mailbagmanage', '邮袋管理', 'mailbag', '1', '4', '2018-01-30 18:09:34', 'xjx', '2018-01-30 18:09:34', 'xjx', '2');
INSERT INTO `agent_auth_info` VALUES ('mailbagreceive', '揽收权限', 'mailbag', '1', '5', '2018-03-07 16:24:34', 'wgw', '2018-03-07 16:24:51', 'wgw', '2');
INSERT INTO `agent_auth_info` VALUES ('modifypassword', '修改密码', 'myaccount', '1', '2', '2017-12-01 16:48:46', null, '2017-12-01 16:48:49', null, '2');
INSERT INTO `agent_auth_info` VALUES ('myaccount', '我的账户', 'system', '1', '1', '2017-12-01 16:47:35', null, '2017-12-01 16:47:37', null, '1');
INSERT INTO `agent_auth_info` VALUES ('mybill', '我的账单', 'pmssettlement', '1', '2', '2017-12-01 16:24:51', null, '2017-12-01 16:24:54', null, '2');
INSERT INTO `agent_auth_info` VALUES ('mycharge', '我的费用', 'pmssettlement', '1', '1', '2017-12-01 16:24:04', null, '2017-12-01 16:24:06', null, '2');
INSERT INTO `agent_auth_info` VALUES ('myrecharge', '我的充值', 'pmssettlement', '1', '3', '2017-12-01 16:25:20', null, '2017-12-01 16:25:22', null, '2');
INSERT INTO `agent_auth_info` VALUES ('otherConsumeAgent', '其他消费', 'cussettlement', '1', '5', '2018-03-03 14:48:03', null, '2018-03-03 14:48:05', null, '2');
INSERT INTO `agent_auth_info` VALUES ('packageconfirm', '包裹确认', 'confirm', '1', '2', '2018-01-23 12:19:06', 'zm', '2018-01-23 12:19:10', 'zm', '2');
INSERT INTO `agent_auth_info` VALUES ('parcel', '其他', 'express', '1', '5', '2017-12-01 16:04:04', null, '2017-12-01 16:04:06', null, '1');
INSERT INTO `agent_auth_info` VALUES ('pickup', '等待揽收', 'mailbag', '1', '1', '2018-01-30 18:09:34', 'xjx', '2018-01-30 18:09:34', 'xjx', '2');
INSERT INTO `agent_auth_info` VALUES ('pmssettlement', 'PMS结算', 'finance', '1', '1', '2017-12-01 16:23:32', null, '2017-12-01 16:23:33', null, '1');
INSERT INTO `agent_auth_info` VALUES ('rechange', '批量换单', 'autoreplace', '1', '2', '2017-12-01 16:03:02', null, '2017-12-01 16:03:04', null, '2');
INSERT INTO `agent_auth_info` VALUES ('scanchange', '扫描换单', 'autoreplace', '1', '1', '2017-12-01 16:02:14', null, '2017-12-01 16:02:16', null, '2');
INSERT INTO `agent_auth_info` VALUES ('shippingcombine', '尾程邮寄方式组合', 'systemLogistics', '1', '4', '2017-04-25 16:39:28', 'devil', '2017-04-25 16:39:28', 'devil', '2');
INSERT INTO `agent_auth_info` VALUES ('sysFinanExchangeRate', '币种与汇率', 'systemFinancial', '1', '1', '2016-06-14 15:23:11', '', '2016-06-14 15:23:14', '', '2');
INSERT INTO `agent_auth_info` VALUES ('system', '系统设置', '', '1', '10', '2016-06-12 16:50:27', '', '2016-06-12 16:50:31', '', '0');
INSERT INTO `agent_auth_info` VALUES ('systemAuth', '权限设置', 'system', '1', '2', '2015-09-23 14:54:26', '', '2015-09-23 14:54:28', '', '1');
INSERT INTO `agent_auth_info` VALUES ('systemAutomation', '自动化设置', 'system', '1', '5', '2018-01-24 16:04:08', 'zm', '2018-01-24 16:04:11', 'zm', '1');
INSERT INTO `agent_auth_info` VALUES ('systemBranch', '分支机构', 'system', '1', '3', '2016-06-13 15:18:51', '', '2016-06-13 15:18:56', '', '1');
INSERT INTO `agent_auth_info` VALUES ('systemFinancial', '财务设置', 'system', '1', '6', '2016-06-14 15:22:23', '', '2016-06-14 15:22:25', '', '1');
INSERT INTO `agent_auth_info` VALUES ('systemLogistics', '物流设置', 'system', '1', '4', '2016-06-13 15:18:51', '', '2016-06-13 15:18:56', '', '1');
INSERT INTO `agent_auth_info` VALUES ('vanningBoxmanage', '货箱管理', 'expressvanning', '1', '5', '2018-01-23 12:23:13', 'zm', '2018-01-23 12:23:17', 'zm', '2');
INSERT INTO `agent_auth_info` VALUES ('waitdelivery', '等待交付', 'mailbag', '1', '2', '2018-01-30 18:09:34', 'xjx', '2018-01-30 18:09:34', 'xjx', '2');
INSERT INTO `agent_auth_info` VALUES ('waitingconfirm', '等待确认', 'confirm', '1', '1', '2018-01-23 12:16:27', 'zm', '2018-01-23 12:16:31', 'zm', '2');
INSERT INTO `agent_auth_info` VALUES ('waybill', '运单管理', 'deliver', '1', '2', '2017-12-01 15:59:56', null, '2017-12-01 15:59:59', null, '2');
INSERT INTO `agent_auth_info` VALUES ('waybilldeliver', '运单发货', 'deliver', '1', '5', '2018-01-23 14:16:34', 'zm', '2018-01-23 14:16:38', 'zm', '2');
INSERT INTO `agent_auth_info` VALUES ('waybillprint', '运单打印', 'deliver', '1', '4', '2018-01-23 14:16:03', 'zm', '2018-01-23 14:16:07', 'zm', '2');
INSERT INTO `agent_auth_info` VALUES ('waybillupload', '运单下单', 'deliver', '1', '3', '2018-01-23 14:15:19', 'zm', '2018-01-23 14:15:24', 'zm', '2');

-- ----------------------------
-- Table structure for agent_role_auth
-- ----------------------------
DROP TABLE IF EXISTS `agent_role_auth`;
CREATE TABLE `agent_role_auth` (
  `role_auth_id` int(11) NOT NULL AUTO_INCREMENT COMMENT '角色权限流水号',
  `role_id` int(11) NOT NULL COMMENT '角色流水号',
  `auth_id` varchar(50) NOT NULL COMMENT '权限流水号',
  `created_date` datetime DEFAULT NULL COMMENT '创建时间',
  `created_by` varchar(10) DEFAULT NULL COMMENT '创建人',
  `updated_date` datetime DEFAULT NULL COMMENT '修改时间',
  `updated_by` varchar(10) DEFAULT NULL COMMENT '修改人',
  PRIMARY KEY (`role_auth_id`),
  KEY `FK_role_auth` (`role_id`) USING BTREE,
  CONSTRAINT `agent_role_auth_ibfk_1` FOREIGN KEY (`role_id`) REFERENCES `agent_role_info` (`role_id`)
) ENGINE=InnoDB AUTO_INCREMENT=3420 DEFAULT CHARSET=utf8 COMMENT='运维岗位权限';

-- ----------------------------
-- Records of agent_role_auth
-- ----------------------------
INSERT INTO `agent_role_auth` VALUES ('3097', '21', 'pickup', '2018-03-06 09:52:51', 'a71904c0-3', '2018-03-06 09:52:51', 'a71904c0-3');
INSERT INTO `agent_role_auth` VALUES ('3098', '21', 'waitdelivery', '2018-03-06 09:52:51', 'a71904c0-3', '2018-03-06 09:52:51', 'a71904c0-3');
INSERT INTO `agent_role_auth` VALUES ('3099', '21', 'mailbagdelivery', '2018-03-06 09:52:51', 'a71904c0-3', '2018-03-06 09:52:51', 'a71904c0-3');
INSERT INTO `agent_role_auth` VALUES ('3100', '21', 'mailbagmanage', '2018-03-06 09:52:51', 'a71904c0-3', '2018-03-06 09:52:51', 'a71904c0-3');
INSERT INTO `agent_role_auth` VALUES ('3101', '21', 'waitingconfirm', '2018-03-06 09:52:51', 'a71904c0-3', '2018-03-06 09:52:51', 'a71904c0-3');
INSERT INTO `agent_role_auth` VALUES ('3102', '21', 'packageconfirm', '2018-03-06 09:52:51', 'a71904c0-3', '2018-03-06 09:52:51', 'a71904c0-3');
INSERT INTO `agent_role_auth` VALUES ('3103', '21', 'confirmUpload', '2018-03-06 09:52:51', 'a71904c0-3', '2018-03-06 09:52:51', 'a71904c0-3');
INSERT INTO `agent_role_auth` VALUES ('3104', '21', 'cancelupload', '2018-03-06 09:52:51', 'a71904c0-3', '2018-03-06 09:52:51', 'a71904c0-3');
INSERT INTO `agent_role_auth` VALUES ('3105', '21', 'confirmRepair', '2018-03-06 09:52:51', 'a71904c0-3', '2018-03-06 09:52:51', 'a71904c0-3');
INSERT INTO `agent_role_auth` VALUES ('3106', '21', 'confirmGeneratelabel', '2018-03-06 09:52:51', 'a71904c0-3', '2018-03-06 09:52:51', 'a71904c0-3');
INSERT INTO `agent_role_auth` VALUES ('3107', '21', 'expresswaitvanning', '2018-03-06 09:52:51', 'a71904c0-3', '2018-03-06 09:52:51', 'a71904c0-3');
INSERT INTO `agent_role_auth` VALUES ('3108', '21', 'add', '2018-03-06 09:52:51', 'a71904c0-3', '2018-03-06 09:52:51', 'a71904c0-3');
INSERT INTO `agent_role_auth` VALUES ('3109', '21', 'continueencase', '2018-03-06 09:52:51', 'a71904c0-3', '2018-03-06 09:52:51', 'a71904c0-3');
INSERT INTO `agent_role_auth` VALUES ('3110', '21', 'boxedpackage', '2018-03-06 09:52:51', 'a71904c0-3', '2018-03-06 09:52:51', 'a71904c0-3');
INSERT INTO `agent_role_auth` VALUES ('3111', '21', 'vanningBoxmanage', '2018-03-06 09:52:51', 'a71904c0-3', '2018-03-06 09:52:51', 'a71904c0-3');
INSERT INTO `agent_role_auth` VALUES ('3112', '21', 'waybill', '2018-03-06 09:52:51', 'a71904c0-3', '2018-03-06 09:52:51', 'a71904c0-3');
INSERT INTO `agent_role_auth` VALUES ('3113', '21', 'waybillupload', '2018-03-06 09:52:51', 'a71904c0-3', '2018-03-06 09:52:51', 'a71904c0-3');
INSERT INTO `agent_role_auth` VALUES ('3114', '21', 'waybillprint', '2018-03-06 09:52:51', 'a71904c0-3', '2018-03-06 09:52:51', 'a71904c0-3');
INSERT INTO `agent_role_auth` VALUES ('3115', '21', 'waybilldeliver', '2018-03-06 09:52:51', 'a71904c0-3', '2018-03-06 09:52:51', 'a71904c0-3');
INSERT INTO `agent_role_auth` VALUES ('3116', '21', 'scanchange', '2018-03-06 09:52:51', 'a71904c0-3', '2018-03-06 09:52:51', 'a71904c0-3');
INSERT INTO `agent_role_auth` VALUES ('3117', '21', 'rechange', '2018-03-06 09:52:51', 'a71904c0-3', '2018-03-06 09:52:51', 'a71904c0-3');
INSERT INTO `agent_role_auth` VALUES ('3118', '21', 'allpackageE', '2018-03-06 09:52:51', 'a71904c0-3', '2018-03-06 09:52:51', 'a71904c0-3');
INSERT INTO `agent_role_auth` VALUES ('3119', '21', 'customerinfo', '2018-03-06 09:52:51', 'a71904c0-3', '2018-03-06 09:52:51', 'a71904c0-3');
INSERT INTO `agent_role_auth` VALUES ('3120', '21', 'mycharge', '2018-03-06 09:52:51', 'a71904c0-3', '2018-03-06 09:52:51', 'a71904c0-3');
INSERT INTO `agent_role_auth` VALUES ('3121', '21', 'mybill', '2018-03-06 09:52:51', 'a71904c0-3', '2018-03-06 09:52:51', 'a71904c0-3');
INSERT INTO `agent_role_auth` VALUES ('3122', '21', 'myrecharge', '2018-03-06 09:52:51', 'a71904c0-3', '2018-03-06 09:52:51', 'a71904c0-3');
INSERT INTO `agent_role_auth` VALUES ('3123', '21', 'cuscharge', '2018-03-06 09:52:51', 'a71904c0-3', '2018-03-06 09:52:51', 'a71904c0-3');
INSERT INTO `agent_role_auth` VALUES ('3124', '21', 'customerBill', '2018-03-06 09:52:51', 'a71904c0-3', '2018-03-06 09:52:51', 'a71904c0-3');
INSERT INTO `agent_role_auth` VALUES ('3125', '21', 'cusrecharge', '2018-03-06 09:52:51', 'a71904c0-3', '2018-03-06 09:52:51', 'a71904c0-3');
INSERT INTO `agent_role_auth` VALUES ('3126', '21', 'otherConsumeAgent', '2018-03-06 09:52:51', 'a71904c0-3', '2018-03-06 09:52:51', 'a71904c0-3');
INSERT INTO `agent_role_auth` VALUES ('3127', '21', 'account', '2018-03-06 09:52:51', 'a71904c0-3', '2018-03-06 09:52:51', 'a71904c0-3');
INSERT INTO `agent_role_auth` VALUES ('3128', '21', 'modifypassword', '2018-03-06 09:52:51', 'a71904c0-3', '2018-03-06 09:52:51', 'a71904c0-3');
INSERT INTO `agent_role_auth` VALUES ('3129', '21', 'initialize', '2018-03-06 09:52:51', 'a71904c0-3', '2018-03-06 09:52:51', 'a71904c0-3');
INSERT INTO `agent_role_auth` VALUES ('3130', '21', 'authRole', '2018-03-06 09:52:51', 'a71904c0-3', '2018-03-06 09:52:51', 'a71904c0-3');
INSERT INTO `agent_role_auth` VALUES ('3131', '21', 'authEmployee', '2018-03-06 09:52:51', 'a71904c0-3', '2018-03-06 09:52:51', 'a71904c0-3');
INSERT INTO `agent_role_auth` VALUES ('3132', '21', 'branchNetwork', '2018-03-06 09:52:51', 'a71904c0-3', '2018-03-06 09:52:51', 'a71904c0-3');
INSERT INTO `agent_role_auth` VALUES ('3133', '21', 'logisticsCarrier', '2018-03-06 09:52:51', 'a71904c0-3', '2018-03-06 09:52:51', 'a71904c0-3');
INSERT INTO `agent_role_auth` VALUES ('3134', '21', 'logisticsFirstway', '2018-03-06 09:52:51', 'a71904c0-3', '2018-03-06 09:52:51', 'a71904c0-3');
INSERT INTO `agent_role_auth` VALUES ('3135', '21', 'logisticsShipping', '2018-03-06 09:52:51', 'a71904c0-3', '2018-03-06 09:52:51', 'a71904c0-3');
INSERT INTO `agent_role_auth` VALUES ('3136', '21', 'shippingcombine', '2018-03-06 09:52:51', 'a71904c0-3', '2018-03-06 09:52:51', 'a71904c0-3');
INSERT INTO `agent_role_auth` VALUES ('3137', '21', 'box', '2018-03-06 09:52:51', 'a71904c0-3', '2018-03-06 09:52:51', 'a71904c0-3');
INSERT INTO `agent_role_auth` VALUES ('3138', '21', 'assginnetwork', '2018-03-06 09:52:51', 'a71904c0-3', '2018-03-06 09:52:51', 'a71904c0-3');
INSERT INTO `agent_role_auth` VALUES ('3139', '21', 'chargedeal', '2018-03-06 09:52:51', 'a71904c0-3', '2018-03-06 09:52:51', 'a71904c0-3');
INSERT INTO `agent_role_auth` VALUES ('3140', '21', 'sysFinanExchangeRate', '2018-03-06 09:52:51', 'a71904c0-3', '2018-03-06 09:52:51', 'a71904c0-3');
INSERT INTO `agent_role_auth` VALUES ('3141', '21', 'logisticsfee', '2018-03-06 09:52:51', 'a71904c0-3', '2018-03-06 09:52:51', 'a71904c0-3');
INSERT INTO `agent_role_auth` VALUES ('3142', '21', 'feesetting', '2018-03-06 09:52:51', 'a71904c0-3', '2018-03-06 09:52:51', 'a71904c0-3');
INSERT INTO `agent_role_auth` VALUES ('3143', '22', 'pickup', '2018-03-06 09:56:26', 'a71904c0-3', '2018-03-06 09:56:26', 'a71904c0-3');
INSERT INTO `agent_role_auth` VALUES ('3144', '22', 'waitdelivery', '2018-03-06 09:56:26', 'a71904c0-3', '2018-03-06 09:56:26', 'a71904c0-3');
INSERT INTO `agent_role_auth` VALUES ('3145', '22', 'mailbagdelivery', '2018-03-06 09:56:26', 'a71904c0-3', '2018-03-06 09:56:26', 'a71904c0-3');
INSERT INTO `agent_role_auth` VALUES ('3146', '22', 'mailbagmanage', '2018-03-06 09:56:26', 'a71904c0-3', '2018-03-06 09:56:26', 'a71904c0-3');
INSERT INTO `agent_role_auth` VALUES ('3147', '22', 'waitingconfirm', '2018-03-06 09:56:26', 'a71904c0-3', '2018-03-06 09:56:26', 'a71904c0-3');
INSERT INTO `agent_role_auth` VALUES ('3148', '22', 'packageconfirm', '2018-03-06 09:56:26', 'a71904c0-3', '2018-03-06 09:56:26', 'a71904c0-3');
INSERT INTO `agent_role_auth` VALUES ('3149', '22', 'confirmUpload', '2018-03-06 09:56:26', 'a71904c0-3', '2018-03-06 09:56:26', 'a71904c0-3');
INSERT INTO `agent_role_auth` VALUES ('3150', '22', 'cancelupload', '2018-03-06 09:56:26', 'a71904c0-3', '2018-03-06 09:56:26', 'a71904c0-3');
INSERT INTO `agent_role_auth` VALUES ('3151', '22', 'confirmRepair', '2018-03-06 09:56:26', 'a71904c0-3', '2018-03-06 09:56:26', 'a71904c0-3');
INSERT INTO `agent_role_auth` VALUES ('3152', '22', 'confirmGeneratelabel', '2018-03-06 09:56:26', 'a71904c0-3', '2018-03-06 09:56:26', 'a71904c0-3');
INSERT INTO `agent_role_auth` VALUES ('3153', '22', 'expresswaitvanning', '2018-03-06 09:56:26', 'a71904c0-3', '2018-03-06 09:56:26', 'a71904c0-3');
INSERT INTO `agent_role_auth` VALUES ('3154', '22', 'add', '2018-03-06 09:56:26', 'a71904c0-3', '2018-03-06 09:56:26', 'a71904c0-3');
INSERT INTO `agent_role_auth` VALUES ('3155', '22', 'continueencase', '2018-03-06 09:56:26', 'a71904c0-3', '2018-03-06 09:56:26', 'a71904c0-3');
INSERT INTO `agent_role_auth` VALUES ('3156', '22', 'boxedpackage', '2018-03-06 09:56:26', 'a71904c0-3', '2018-03-06 09:56:26', 'a71904c0-3');
INSERT INTO `agent_role_auth` VALUES ('3157', '22', 'vanningBoxmanage', '2018-03-06 09:56:26', 'a71904c0-3', '2018-03-06 09:56:26', 'a71904c0-3');
INSERT INTO `agent_role_auth` VALUES ('3158', '22', 'waybill', '2018-03-06 09:56:26', 'a71904c0-3', '2018-03-06 09:56:26', 'a71904c0-3');
INSERT INTO `agent_role_auth` VALUES ('3159', '22', 'waybillupload', '2018-03-06 09:56:26', 'a71904c0-3', '2018-03-06 09:56:26', 'a71904c0-3');
INSERT INTO `agent_role_auth` VALUES ('3160', '22', 'waybillprint', '2018-03-06 09:56:26', 'a71904c0-3', '2018-03-06 09:56:26', 'a71904c0-3');
INSERT INTO `agent_role_auth` VALUES ('3161', '22', 'waybilldeliver', '2018-03-06 09:56:26', 'a71904c0-3', '2018-03-06 09:56:26', 'a71904c0-3');
INSERT INTO `agent_role_auth` VALUES ('3162', '22', 'scanchange', '2018-03-06 09:56:26', 'a71904c0-3', '2018-03-06 09:56:26', 'a71904c0-3');
INSERT INTO `agent_role_auth` VALUES ('3163', '22', 'rechange', '2018-03-06 09:56:26', 'a71904c0-3', '2018-03-06 09:56:26', 'a71904c0-3');
INSERT INTO `agent_role_auth` VALUES ('3164', '22', 'allpackageE', '2018-03-06 09:56:26', 'a71904c0-3', '2018-03-06 09:56:26', 'a71904c0-3');
INSERT INTO `agent_role_auth` VALUES ('3165', '22', 'customerinfo', '2018-03-06 09:56:26', 'a71904c0-3', '2018-03-06 09:56:26', 'a71904c0-3');
INSERT INTO `agent_role_auth` VALUES ('3166', '22', 'mycharge', '2018-03-06 09:56:26', 'a71904c0-3', '2018-03-06 09:56:26', 'a71904c0-3');
INSERT INTO `agent_role_auth` VALUES ('3167', '22', 'mybill', '2018-03-06 09:56:26', 'a71904c0-3', '2018-03-06 09:56:26', 'a71904c0-3');
INSERT INTO `agent_role_auth` VALUES ('3168', '22', 'myrecharge', '2018-03-06 09:56:26', 'a71904c0-3', '2018-03-06 09:56:26', 'a71904c0-3');
INSERT INTO `agent_role_auth` VALUES ('3169', '22', 'cuscharge', '2018-03-06 09:56:26', 'a71904c0-3', '2018-03-06 09:56:26', 'a71904c0-3');
INSERT INTO `agent_role_auth` VALUES ('3170', '22', 'customerBill', '2018-03-06 09:56:26', 'a71904c0-3', '2018-03-06 09:56:26', 'a71904c0-3');
INSERT INTO `agent_role_auth` VALUES ('3171', '22', 'cusrecharge', '2018-03-06 09:56:26', 'a71904c0-3', '2018-03-06 09:56:26', 'a71904c0-3');
INSERT INTO `agent_role_auth` VALUES ('3172', '22', 'otherConsumeAgent', '2018-03-06 09:56:26', 'a71904c0-3', '2018-03-06 09:56:26', 'a71904c0-3');
INSERT INTO `agent_role_auth` VALUES ('3173', '22', 'account', '2018-03-06 09:56:26', 'a71904c0-3', '2018-03-06 09:56:26', 'a71904c0-3');
INSERT INTO `agent_role_auth` VALUES ('3174', '22', 'modifypassword', '2018-03-06 09:56:26', 'a71904c0-3', '2018-03-06 09:56:26', 'a71904c0-3');
INSERT INTO `agent_role_auth` VALUES ('3175', '22', 'initialize', '2018-03-06 09:56:26', 'a71904c0-3', '2018-03-06 09:56:26', 'a71904c0-3');
INSERT INTO `agent_role_auth` VALUES ('3176', '22', 'authRole', '2018-03-06 09:56:26', 'a71904c0-3', '2018-03-06 09:56:26', 'a71904c0-3');
INSERT INTO `agent_role_auth` VALUES ('3177', '22', 'authEmployee', '2018-03-06 09:56:26', 'a71904c0-3', '2018-03-06 09:56:26', 'a71904c0-3');
INSERT INTO `agent_role_auth` VALUES ('3178', '22', 'branchNetwork', '2018-03-06 09:56:26', 'a71904c0-3', '2018-03-06 09:56:26', 'a71904c0-3');
INSERT INTO `agent_role_auth` VALUES ('3179', '22', 'logisticsCarrier', '2018-03-06 09:56:26', 'a71904c0-3', '2018-03-06 09:56:26', 'a71904c0-3');
INSERT INTO `agent_role_auth` VALUES ('3180', '22', 'logisticsFirstway', '2018-03-06 09:56:26', 'a71904c0-3', '2018-03-06 09:56:26', 'a71904c0-3');
INSERT INTO `agent_role_auth` VALUES ('3181', '22', 'logisticsShipping', '2018-03-06 09:56:26', 'a71904c0-3', '2018-03-06 09:56:26', 'a71904c0-3');
INSERT INTO `agent_role_auth` VALUES ('3182', '22', 'shippingcombine', '2018-03-06 09:56:26', 'a71904c0-3', '2018-03-06 09:56:26', 'a71904c0-3');
INSERT INTO `agent_role_auth` VALUES ('3183', '22', 'box', '2018-03-06 09:56:26', 'a71904c0-3', '2018-03-06 09:56:26', 'a71904c0-3');
INSERT INTO `agent_role_auth` VALUES ('3184', '22', 'assginnetwork', '2018-03-06 09:56:26', 'a71904c0-3', '2018-03-06 09:56:26', 'a71904c0-3');
INSERT INTO `agent_role_auth` VALUES ('3185', '22', 'chargedeal', '2018-03-06 09:56:26', 'a71904c0-3', '2018-03-06 09:56:26', 'a71904c0-3');
INSERT INTO `agent_role_auth` VALUES ('3186', '22', 'sysFinanExchangeRate', '2018-03-06 09:56:26', 'a71904c0-3', '2018-03-06 09:56:26', 'a71904c0-3');
INSERT INTO `agent_role_auth` VALUES ('3187', '22', 'logisticsfee', '2018-03-06 09:56:26', 'a71904c0-3', '2018-03-06 09:56:26', 'a71904c0-3');
INSERT INTO `agent_role_auth` VALUES ('3188', '22', 'feesetting', '2018-03-06 09:56:26', 'a71904c0-3', '2018-03-06 09:56:26', 'a71904c0-3');
INSERT INTO `agent_role_auth` VALUES ('3189', '23', 'pickup', '2018-03-06 10:47:47', 'dabe55a7-e', '2018-03-06 10:47:47', 'dabe55a7-e');
INSERT INTO `agent_role_auth` VALUES ('3190', '23', 'waitdelivery', '2018-03-06 10:47:47', 'dabe55a7-e', '2018-03-06 10:47:47', 'dabe55a7-e');
INSERT INTO `agent_role_auth` VALUES ('3191', '23', 'mailbagdelivery', '2018-03-06 10:47:47', 'dabe55a7-e', '2018-03-06 10:47:47', 'dabe55a7-e');
INSERT INTO `agent_role_auth` VALUES ('3192', '23', 'mailbagmanage', '2018-03-06 10:47:47', 'dabe55a7-e', '2018-03-06 10:47:47', 'dabe55a7-e');
INSERT INTO `agent_role_auth` VALUES ('3193', '23', 'waitingconfirm', '2018-03-06 10:47:47', 'dabe55a7-e', '2018-03-06 10:47:47', 'dabe55a7-e');
INSERT INTO `agent_role_auth` VALUES ('3194', '23', 'packageconfirm', '2018-03-06 10:47:47', 'dabe55a7-e', '2018-03-06 10:47:47', 'dabe55a7-e');
INSERT INTO `agent_role_auth` VALUES ('3195', '23', 'confirmUpload', '2018-03-06 10:47:47', 'dabe55a7-e', '2018-03-06 10:47:47', 'dabe55a7-e');
INSERT INTO `agent_role_auth` VALUES ('3196', '23', 'cancelupload', '2018-03-06 10:47:47', 'dabe55a7-e', '2018-03-06 10:47:47', 'dabe55a7-e');
INSERT INTO `agent_role_auth` VALUES ('3197', '23', 'confirmRepair', '2018-03-06 10:47:47', 'dabe55a7-e', '2018-03-06 10:47:47', 'dabe55a7-e');
INSERT INTO `agent_role_auth` VALUES ('3198', '23', 'confirmGeneratelabel', '2018-03-06 10:47:47', 'dabe55a7-e', '2018-03-06 10:47:47', 'dabe55a7-e');
INSERT INTO `agent_role_auth` VALUES ('3199', '23', 'expresswaitvanning', '2018-03-06 10:47:47', 'dabe55a7-e', '2018-03-06 10:47:47', 'dabe55a7-e');
INSERT INTO `agent_role_auth` VALUES ('3200', '23', 'add', '2018-03-06 10:47:47', 'dabe55a7-e', '2018-03-06 10:47:47', 'dabe55a7-e');
INSERT INTO `agent_role_auth` VALUES ('3201', '23', 'continueencase', '2018-03-06 10:47:47', 'dabe55a7-e', '2018-03-06 10:47:47', 'dabe55a7-e');
INSERT INTO `agent_role_auth` VALUES ('3202', '23', 'boxedpackage', '2018-03-06 10:47:47', 'dabe55a7-e', '2018-03-06 10:47:47', 'dabe55a7-e');
INSERT INTO `agent_role_auth` VALUES ('3203', '23', 'vanningBoxmanage', '2018-03-06 10:47:47', 'dabe55a7-e', '2018-03-06 10:47:47', 'dabe55a7-e');
INSERT INTO `agent_role_auth` VALUES ('3204', '23', 'waybill', '2018-03-06 10:47:47', 'dabe55a7-e', '2018-03-06 10:47:47', 'dabe55a7-e');
INSERT INTO `agent_role_auth` VALUES ('3205', '23', 'waybillupload', '2018-03-06 10:47:47', 'dabe55a7-e', '2018-03-06 10:47:47', 'dabe55a7-e');
INSERT INTO `agent_role_auth` VALUES ('3206', '23', 'waybillprint', '2018-03-06 10:47:47', 'dabe55a7-e', '2018-03-06 10:47:47', 'dabe55a7-e');
INSERT INTO `agent_role_auth` VALUES ('3207', '23', 'waybilldeliver', '2018-03-06 10:47:47', 'dabe55a7-e', '2018-03-06 10:47:47', 'dabe55a7-e');
INSERT INTO `agent_role_auth` VALUES ('3208', '23', 'scanchange', '2018-03-06 10:47:47', 'dabe55a7-e', '2018-03-06 10:47:47', 'dabe55a7-e');
INSERT INTO `agent_role_auth` VALUES ('3209', '23', 'rechange', '2018-03-06 10:47:47', 'dabe55a7-e', '2018-03-06 10:47:47', 'dabe55a7-e');
INSERT INTO `agent_role_auth` VALUES ('3210', '23', 'allpackageE', '2018-03-06 10:47:47', 'dabe55a7-e', '2018-03-06 10:47:47', 'dabe55a7-e');
INSERT INTO `agent_role_auth` VALUES ('3211', '23', 'customerinfo', '2018-03-06 10:47:47', 'dabe55a7-e', '2018-03-06 10:47:47', 'dabe55a7-e');
INSERT INTO `agent_role_auth` VALUES ('3212', '23', 'mycharge', '2018-03-06 10:47:47', 'dabe55a7-e', '2018-03-06 10:47:47', 'dabe55a7-e');
INSERT INTO `agent_role_auth` VALUES ('3213', '23', 'mybill', '2018-03-06 10:47:47', 'dabe55a7-e', '2018-03-06 10:47:47', 'dabe55a7-e');
INSERT INTO `agent_role_auth` VALUES ('3214', '23', 'myrecharge', '2018-03-06 10:47:47', 'dabe55a7-e', '2018-03-06 10:47:47', 'dabe55a7-e');
INSERT INTO `agent_role_auth` VALUES ('3215', '23', 'cuscharge', '2018-03-06 10:47:47', 'dabe55a7-e', '2018-03-06 10:47:47', 'dabe55a7-e');
INSERT INTO `agent_role_auth` VALUES ('3216', '23', 'customerBill', '2018-03-06 10:47:47', 'dabe55a7-e', '2018-03-06 10:47:47', 'dabe55a7-e');
INSERT INTO `agent_role_auth` VALUES ('3217', '23', 'cusrecharge', '2018-03-06 10:47:47', 'dabe55a7-e', '2018-03-06 10:47:47', 'dabe55a7-e');
INSERT INTO `agent_role_auth` VALUES ('3218', '23', 'otherConsumeAgent', '2018-03-06 10:47:47', 'dabe55a7-e', '2018-03-06 10:47:47', 'dabe55a7-e');
INSERT INTO `agent_role_auth` VALUES ('3219', '23', 'account', '2018-03-06 10:47:47', 'dabe55a7-e', '2018-03-06 10:47:47', 'dabe55a7-e');
INSERT INTO `agent_role_auth` VALUES ('3220', '23', 'modifypassword', '2018-03-06 10:47:47', 'dabe55a7-e', '2018-03-06 10:47:47', 'dabe55a7-e');
INSERT INTO `agent_role_auth` VALUES ('3221', '23', 'initialize', '2018-03-06 10:47:47', 'dabe55a7-e', '2018-03-06 10:47:47', 'dabe55a7-e');
INSERT INTO `agent_role_auth` VALUES ('3222', '23', 'authRole', '2018-03-06 10:47:47', 'dabe55a7-e', '2018-03-06 10:47:47', 'dabe55a7-e');
INSERT INTO `agent_role_auth` VALUES ('3223', '23', 'authEmployee', '2018-03-06 10:47:47', 'dabe55a7-e', '2018-03-06 10:47:47', 'dabe55a7-e');
INSERT INTO `agent_role_auth` VALUES ('3224', '23', 'branchNetwork', '2018-03-06 10:47:47', 'dabe55a7-e', '2018-03-06 10:47:47', 'dabe55a7-e');
INSERT INTO `agent_role_auth` VALUES ('3225', '23', 'logisticsCarrier', '2018-03-06 10:47:47', 'dabe55a7-e', '2018-03-06 10:47:47', 'dabe55a7-e');
INSERT INTO `agent_role_auth` VALUES ('3226', '23', 'logisticsFirstway', '2018-03-06 10:47:47', 'dabe55a7-e', '2018-03-06 10:47:47', 'dabe55a7-e');
INSERT INTO `agent_role_auth` VALUES ('3227', '23', 'logisticsShipping', '2018-03-06 10:47:47', 'dabe55a7-e', '2018-03-06 10:47:47', 'dabe55a7-e');
INSERT INTO `agent_role_auth` VALUES ('3228', '23', 'shippingcombine', '2018-03-06 10:47:47', 'dabe55a7-e', '2018-03-06 10:47:47', 'dabe55a7-e');
INSERT INTO `agent_role_auth` VALUES ('3229', '23', 'box', '2018-03-06 10:47:47', 'dabe55a7-e', '2018-03-06 10:47:47', 'dabe55a7-e');
INSERT INTO `agent_role_auth` VALUES ('3230', '23', 'assginnetwork', '2018-03-06 10:47:47', 'dabe55a7-e', '2018-03-06 10:47:47', 'dabe55a7-e');
INSERT INTO `agent_role_auth` VALUES ('3231', '23', 'chargedeal', '2018-03-06 10:47:47', 'dabe55a7-e', '2018-03-06 10:47:47', 'dabe55a7-e');
INSERT INTO `agent_role_auth` VALUES ('3232', '23', 'sysFinanExchangeRate', '2018-03-06 10:47:47', 'dabe55a7-e', '2018-03-06 10:47:47', 'dabe55a7-e');
INSERT INTO `agent_role_auth` VALUES ('3233', '23', 'logisticsfee', '2018-03-06 10:47:47', 'dabe55a7-e', '2018-03-06 10:47:47', 'dabe55a7-e');
INSERT INTO `agent_role_auth` VALUES ('3234', '23', 'feesetting', '2018-03-06 10:47:47', 'dabe55a7-e', '2018-03-06 10:47:47', 'dabe55a7-e');
INSERT INTO `agent_role_auth` VALUES ('3326', '32', 'pickup', '2018-03-09 09:28:26', '444e1ae4-b', '2018-03-09 09:28:26', '444e1ae4-b');
INSERT INTO `agent_role_auth` VALUES ('3327', '32', 'waitdelivery', '2018-03-09 09:28:26', '444e1ae4-b', '2018-03-09 09:28:26', '444e1ae4-b');
INSERT INTO `agent_role_auth` VALUES ('3328', '32', 'mailbagdelivery', '2018-03-09 09:28:26', '444e1ae4-b', '2018-03-09 09:28:26', '444e1ae4-b');
INSERT INTO `agent_role_auth` VALUES ('3329', '32', 'mailbagmanage', '2018-03-09 09:28:26', '444e1ae4-b', '2018-03-09 09:28:26', '444e1ae4-b');
INSERT INTO `agent_role_auth` VALUES ('3330', '32', 'mailbagreceive', '2018-03-09 09:28:26', '444e1ae4-b', '2018-03-09 09:28:26', '444e1ae4-b');
INSERT INTO `agent_role_auth` VALUES ('3331', '32', 'waitingconfirm', '2018-03-09 09:28:26', '444e1ae4-b', '2018-03-09 09:28:26', '444e1ae4-b');
INSERT INTO `agent_role_auth` VALUES ('3332', '32', 'packageconfirm', '2018-03-09 09:28:26', '444e1ae4-b', '2018-03-09 09:28:26', '444e1ae4-b');
INSERT INTO `agent_role_auth` VALUES ('3333', '32', 'confirmUpload', '2018-03-09 09:28:26', '444e1ae4-b', '2018-03-09 09:28:26', '444e1ae4-b');
INSERT INTO `agent_role_auth` VALUES ('3334', '32', 'cancelupload', '2018-03-09 09:28:26', '444e1ae4-b', '2018-03-09 09:28:26', '444e1ae4-b');
INSERT INTO `agent_role_auth` VALUES ('3335', '32', 'confirmRepair', '2018-03-09 09:28:26', '444e1ae4-b', '2018-03-09 09:28:26', '444e1ae4-b');
INSERT INTO `agent_role_auth` VALUES ('3336', '32', 'confirmGeneratelabel', '2018-03-09 09:28:26', '444e1ae4-b', '2018-03-09 09:28:26', '444e1ae4-b');
INSERT INTO `agent_role_auth` VALUES ('3337', '32', 'expresswaitvanning', '2018-03-09 09:28:26', '444e1ae4-b', '2018-03-09 09:28:26', '444e1ae4-b');
INSERT INTO `agent_role_auth` VALUES ('3338', '32', 'add', '2018-03-09 09:28:26', '444e1ae4-b', '2018-03-09 09:28:26', '444e1ae4-b');
INSERT INTO `agent_role_auth` VALUES ('3339', '32', 'continueencase', '2018-03-09 09:28:26', '444e1ae4-b', '2018-03-09 09:28:26', '444e1ae4-b');
INSERT INTO `agent_role_auth` VALUES ('3340', '32', 'boxedpackage', '2018-03-09 09:28:26', '444e1ae4-b', '2018-03-09 09:28:26', '444e1ae4-b');
INSERT INTO `agent_role_auth` VALUES ('3341', '32', 'vanningBoxmanage', '2018-03-09 09:28:26', '444e1ae4-b', '2018-03-09 09:28:26', '444e1ae4-b');
INSERT INTO `agent_role_auth` VALUES ('3342', '32', 'waybill', '2018-03-09 09:28:26', '444e1ae4-b', '2018-03-09 09:28:26', '444e1ae4-b');
INSERT INTO `agent_role_auth` VALUES ('3343', '32', 'waybillupload', '2018-03-09 09:28:26', '444e1ae4-b', '2018-03-09 09:28:26', '444e1ae4-b');
INSERT INTO `agent_role_auth` VALUES ('3344', '32', 'waybillprint', '2018-03-09 09:28:26', '444e1ae4-b', '2018-03-09 09:28:26', '444e1ae4-b');
INSERT INTO `agent_role_auth` VALUES ('3345', '32', 'waybilldeliver', '2018-03-09 09:28:26', '444e1ae4-b', '2018-03-09 09:28:26', '444e1ae4-b');
INSERT INTO `agent_role_auth` VALUES ('3346', '32', 'scanchange', '2018-03-09 09:28:26', '444e1ae4-b', '2018-03-09 09:28:26', '444e1ae4-b');
INSERT INTO `agent_role_auth` VALUES ('3347', '32', 'rechange', '2018-03-09 09:28:26', '444e1ae4-b', '2018-03-09 09:28:26', '444e1ae4-b');
INSERT INTO `agent_role_auth` VALUES ('3348', '32', 'allpackageE', '2018-03-09 09:28:26', '444e1ae4-b', '2018-03-09 09:28:26', '444e1ae4-b');
INSERT INTO `agent_role_auth` VALUES ('3349', '32', 'customerinfo', '2018-03-09 09:28:26', '444e1ae4-b', '2018-03-09 09:28:26', '444e1ae4-b');
INSERT INTO `agent_role_auth` VALUES ('3350', '32', 'mycharge', '2018-03-09 09:28:26', '444e1ae4-b', '2018-03-09 09:28:26', '444e1ae4-b');
INSERT INTO `agent_role_auth` VALUES ('3351', '32', 'mybill', '2018-03-09 09:28:26', '444e1ae4-b', '2018-03-09 09:28:26', '444e1ae4-b');
INSERT INTO `agent_role_auth` VALUES ('3352', '32', 'myrecharge', '2018-03-09 09:28:26', '444e1ae4-b', '2018-03-09 09:28:26', '444e1ae4-b');
INSERT INTO `agent_role_auth` VALUES ('3353', '32', 'cuscharge', '2018-03-09 09:28:26', '444e1ae4-b', '2018-03-09 09:28:26', '444e1ae4-b');
INSERT INTO `agent_role_auth` VALUES ('3354', '32', 'customerBill', '2018-03-09 09:28:26', '444e1ae4-b', '2018-03-09 09:28:26', '444e1ae4-b');
INSERT INTO `agent_role_auth` VALUES ('3355', '32', 'cusrecharge', '2018-03-09 09:28:26', '444e1ae4-b', '2018-03-09 09:28:26', '444e1ae4-b');
INSERT INTO `agent_role_auth` VALUES ('3356', '32', 'otherConsumeAgent', '2018-03-09 09:28:26', '444e1ae4-b', '2018-03-09 09:28:26', '444e1ae4-b');
INSERT INTO `agent_role_auth` VALUES ('3357', '32', 'account', '2018-03-09 09:28:26', '444e1ae4-b', '2018-03-09 09:28:26', '444e1ae4-b');
INSERT INTO `agent_role_auth` VALUES ('3358', '32', 'modifypassword', '2018-03-09 09:28:26', '444e1ae4-b', '2018-03-09 09:28:26', '444e1ae4-b');
INSERT INTO `agent_role_auth` VALUES ('3359', '32', 'initialize', '2018-03-09 09:28:26', '444e1ae4-b', '2018-03-09 09:28:26', '444e1ae4-b');
INSERT INTO `agent_role_auth` VALUES ('3360', '32', 'authRole', '2018-03-09 09:28:26', '444e1ae4-b', '2018-03-09 09:28:26', '444e1ae4-b');
INSERT INTO `agent_role_auth` VALUES ('3361', '32', 'authEmployee', '2018-03-09 09:28:26', '444e1ae4-b', '2018-03-09 09:28:26', '444e1ae4-b');
INSERT INTO `agent_role_auth` VALUES ('3362', '32', 'branchNetwork', '2018-03-09 09:28:26', '444e1ae4-b', '2018-03-09 09:28:26', '444e1ae4-b');
INSERT INTO `agent_role_auth` VALUES ('3363', '32', 'logisticsCarrier', '2018-03-09 09:28:26', '444e1ae4-b', '2018-03-09 09:28:26', '444e1ae4-b');
INSERT INTO `agent_role_auth` VALUES ('3364', '32', 'logisticsFirstway', '2018-03-09 09:28:26', '444e1ae4-b', '2018-03-09 09:28:26', '444e1ae4-b');
INSERT INTO `agent_role_auth` VALUES ('3365', '32', 'logisticsShipping', '2018-03-09 09:28:26', '444e1ae4-b', '2018-03-09 09:28:26', '444e1ae4-b');
INSERT INTO `agent_role_auth` VALUES ('3366', '32', 'shippingcombine', '2018-03-09 09:28:26', '444e1ae4-b', '2018-03-09 09:28:26', '444e1ae4-b');
INSERT INTO `agent_role_auth` VALUES ('3367', '32', 'box', '2018-03-09 09:28:26', '444e1ae4-b', '2018-03-09 09:28:26', '444e1ae4-b');
INSERT INTO `agent_role_auth` VALUES ('3368', '32', 'assginnetwork', '2018-03-09 09:28:26', '444e1ae4-b', '2018-03-09 09:28:26', '444e1ae4-b');
INSERT INTO `agent_role_auth` VALUES ('3369', '32', 'chargedeal', '2018-03-09 09:28:26', '444e1ae4-b', '2018-03-09 09:28:26', '444e1ae4-b');
INSERT INTO `agent_role_auth` VALUES ('3370', '32', 'sysFinanExchangeRate', '2018-03-09 09:28:26', '444e1ae4-b', '2018-03-09 09:28:26', '444e1ae4-b');
INSERT INTO `agent_role_auth` VALUES ('3371', '32', 'logisticsfee', '2018-03-09 09:28:26', '444e1ae4-b', '2018-03-09 09:28:26', '444e1ae4-b');
INSERT INTO `agent_role_auth` VALUES ('3372', '32', 'feesetting', '2018-03-09 09:28:26', '444e1ae4-b', '2018-03-09 09:28:26', '444e1ae4-b');
INSERT INTO `agent_role_auth` VALUES ('3373', '33', 'pickup', '2018-03-09 09:39:28', 'a71904c0-3', '2018-03-09 09:39:28', 'a71904c0-3');
INSERT INTO `agent_role_auth` VALUES ('3374', '33', 'waitdelivery', '2018-03-09 09:39:28', 'a71904c0-3', '2018-03-09 09:39:28', 'a71904c0-3');
INSERT INTO `agent_role_auth` VALUES ('3375', '33', 'mailbagdelivery', '2018-03-09 09:39:28', 'a71904c0-3', '2018-03-09 09:39:28', 'a71904c0-3');
INSERT INTO `agent_role_auth` VALUES ('3376', '33', 'mailbagmanage', '2018-03-09 09:39:28', 'a71904c0-3', '2018-03-09 09:39:28', 'a71904c0-3');
INSERT INTO `agent_role_auth` VALUES ('3377', '33', 'mailbagreceive', '2018-03-09 09:39:28', 'a71904c0-3', '2018-03-09 09:39:28', 'a71904c0-3');
INSERT INTO `agent_role_auth` VALUES ('3378', '33', 'waitingconfirm', '2018-03-09 09:39:28', 'a71904c0-3', '2018-03-09 09:39:28', 'a71904c0-3');
INSERT INTO `agent_role_auth` VALUES ('3379', '33', 'packageconfirm', '2018-03-09 09:39:28', 'a71904c0-3', '2018-03-09 09:39:28', 'a71904c0-3');
INSERT INTO `agent_role_auth` VALUES ('3380', '33', 'confirmUpload', '2018-03-09 09:39:28', 'a71904c0-3', '2018-03-09 09:39:28', 'a71904c0-3');
INSERT INTO `agent_role_auth` VALUES ('3381', '33', 'cancelupload', '2018-03-09 09:39:28', 'a71904c0-3', '2018-03-09 09:39:28', 'a71904c0-3');
INSERT INTO `agent_role_auth` VALUES ('3382', '33', 'confirmRepair', '2018-03-09 09:39:28', 'a71904c0-3', '2018-03-09 09:39:28', 'a71904c0-3');
INSERT INTO `agent_role_auth` VALUES ('3383', '33', 'confirmGeneratelabel', '2018-03-09 09:39:28', 'a71904c0-3', '2018-03-09 09:39:28', 'a71904c0-3');
INSERT INTO `agent_role_auth` VALUES ('3384', '33', 'expresswaitvanning', '2018-03-09 09:39:28', 'a71904c0-3', '2018-03-09 09:39:28', 'a71904c0-3');
INSERT INTO `agent_role_auth` VALUES ('3385', '33', 'add', '2018-03-09 09:39:28', 'a71904c0-3', '2018-03-09 09:39:28', 'a71904c0-3');
INSERT INTO `agent_role_auth` VALUES ('3386', '33', 'continueencase', '2018-03-09 09:39:28', 'a71904c0-3', '2018-03-09 09:39:28', 'a71904c0-3');
INSERT INTO `agent_role_auth` VALUES ('3387', '33', 'boxedpackage', '2018-03-09 09:39:28', 'a71904c0-3', '2018-03-09 09:39:28', 'a71904c0-3');
INSERT INTO `agent_role_auth` VALUES ('3388', '33', 'vanningBoxmanage', '2018-03-09 09:39:28', 'a71904c0-3', '2018-03-09 09:39:28', 'a71904c0-3');
INSERT INTO `agent_role_auth` VALUES ('3389', '33', 'waybill', '2018-03-09 09:39:28', 'a71904c0-3', '2018-03-09 09:39:28', 'a71904c0-3');
INSERT INTO `agent_role_auth` VALUES ('3390', '33', 'waybillupload', '2018-03-09 09:39:28', 'a71904c0-3', '2018-03-09 09:39:28', 'a71904c0-3');
INSERT INTO `agent_role_auth` VALUES ('3391', '33', 'waybillprint', '2018-03-09 09:39:28', 'a71904c0-3', '2018-03-09 09:39:28', 'a71904c0-3');
INSERT INTO `agent_role_auth` VALUES ('3392', '33', 'waybilldeliver', '2018-03-09 09:39:28', 'a71904c0-3', '2018-03-09 09:39:28', 'a71904c0-3');
INSERT INTO `agent_role_auth` VALUES ('3393', '33', 'scanchange', '2018-03-09 09:39:28', 'a71904c0-3', '2018-03-09 09:39:28', 'a71904c0-3');
INSERT INTO `agent_role_auth` VALUES ('3394', '33', 'rechange', '2018-03-09 09:39:28', 'a71904c0-3', '2018-03-09 09:39:28', 'a71904c0-3');
INSERT INTO `agent_role_auth` VALUES ('3395', '33', 'allpackageE', '2018-03-09 09:39:28', 'a71904c0-3', '2018-03-09 09:39:28', 'a71904c0-3');
INSERT INTO `agent_role_auth` VALUES ('3396', '33', 'customerinfo', '2018-03-09 09:39:28', 'a71904c0-3', '2018-03-09 09:39:28', 'a71904c0-3');
INSERT INTO `agent_role_auth` VALUES ('3397', '33', 'mycharge', '2018-03-09 09:39:28', 'a71904c0-3', '2018-03-09 09:39:28', 'a71904c0-3');
INSERT INTO `agent_role_auth` VALUES ('3398', '33', 'mybill', '2018-03-09 09:39:28', 'a71904c0-3', '2018-03-09 09:39:28', 'a71904c0-3');
INSERT INTO `agent_role_auth` VALUES ('3399', '33', 'myrecharge', '2018-03-09 09:39:28', 'a71904c0-3', '2018-03-09 09:39:28', 'a71904c0-3');
INSERT INTO `agent_role_auth` VALUES ('3400', '33', 'cuscharge', '2018-03-09 09:39:28', 'a71904c0-3', '2018-03-09 09:39:28', 'a71904c0-3');
INSERT INTO `agent_role_auth` VALUES ('3401', '33', 'customerBill', '2018-03-09 09:39:28', 'a71904c0-3', '2018-03-09 09:39:28', 'a71904c0-3');
INSERT INTO `agent_role_auth` VALUES ('3402', '33', 'cusrecharge', '2018-03-09 09:39:28', 'a71904c0-3', '2018-03-09 09:39:28', 'a71904c0-3');
INSERT INTO `agent_role_auth` VALUES ('3403', '33', 'otherConsumeAgent', '2018-03-09 09:39:28', 'a71904c0-3', '2018-03-09 09:39:28', 'a71904c0-3');
INSERT INTO `agent_role_auth` VALUES ('3404', '33', 'account', '2018-03-09 09:39:28', 'a71904c0-3', '2018-03-09 09:39:28', 'a71904c0-3');
INSERT INTO `agent_role_auth` VALUES ('3405', '33', 'modifypassword', '2018-03-09 09:39:28', 'a71904c0-3', '2018-03-09 09:39:28', 'a71904c0-3');
INSERT INTO `agent_role_auth` VALUES ('3406', '33', 'initialize', '2018-03-09 09:39:28', 'a71904c0-3', '2018-03-09 09:39:28', 'a71904c0-3');
INSERT INTO `agent_role_auth` VALUES ('3407', '33', 'authRole', '2018-03-09 09:39:28', 'a71904c0-3', '2018-03-09 09:39:28', 'a71904c0-3');
INSERT INTO `agent_role_auth` VALUES ('3408', '33', 'authEmployee', '2018-03-09 09:39:28', 'a71904c0-3', '2018-03-09 09:39:28', 'a71904c0-3');
INSERT INTO `agent_role_auth` VALUES ('3409', '33', 'branchNetwork', '2018-03-09 09:39:28', 'a71904c0-3', '2018-03-09 09:39:28', 'a71904c0-3');
INSERT INTO `agent_role_auth` VALUES ('3410', '33', 'logisticsCarrier', '2018-03-09 09:39:28', 'a71904c0-3', '2018-03-09 09:39:28', 'a71904c0-3');
INSERT INTO `agent_role_auth` VALUES ('3411', '33', 'logisticsFirstway', '2018-03-09 09:39:28', 'a71904c0-3', '2018-03-09 09:39:28', 'a71904c0-3');
INSERT INTO `agent_role_auth` VALUES ('3412', '33', 'logisticsShipping', '2018-03-09 09:39:28', 'a71904c0-3', '2018-03-09 09:39:28', 'a71904c0-3');
INSERT INTO `agent_role_auth` VALUES ('3413', '33', 'shippingcombine', '2018-03-09 09:39:28', 'a71904c0-3', '2018-03-09 09:39:28', 'a71904c0-3');
INSERT INTO `agent_role_auth` VALUES ('3414', '33', 'box', '2018-03-09 09:39:28', 'a71904c0-3', '2018-03-09 09:39:28', 'a71904c0-3');
INSERT INTO `agent_role_auth` VALUES ('3415', '33', 'assginnetwork', '2018-03-09 09:39:28', 'a71904c0-3', '2018-03-09 09:39:28', 'a71904c0-3');
INSERT INTO `agent_role_auth` VALUES ('3416', '33', 'chargedeal', '2018-03-09 09:39:28', 'a71904c0-3', '2018-03-09 09:39:28', 'a71904c0-3');
INSERT INTO `agent_role_auth` VALUES ('3417', '33', 'sysFinanExchangeRate', '2018-03-09 09:39:28', 'a71904c0-3', '2018-03-09 09:39:28', 'a71904c0-3');
INSERT INTO `agent_role_auth` VALUES ('3418', '33', 'logisticsfee', '2018-03-09 09:39:28', 'a71904c0-3', '2018-03-09 09:39:28', 'a71904c0-3');
INSERT INTO `agent_role_auth` VALUES ('3419', '33', 'feesetting', '2018-03-09 09:39:28', 'a71904c0-3', '2018-03-09 09:39:28', 'a71904c0-3');

-- ----------------------------
-- Table structure for agent_role_info
-- ----------------------------
DROP TABLE IF EXISTS `agent_role_info`;
CREATE TABLE `agent_role_info` (
  `role_id` int(11) NOT NULL AUTO_INCREMENT COMMENT '角色流水号',
  `role_admin_flag` char(1) NOT NULL COMMENT '内置管理员岗位(0:非管理员岗位;1:管理员岗位)',
  `role_name` varchar(100) NOT NULL COMMENT '角色名称',
  `created_date` datetime DEFAULT NULL COMMENT '创建时间',
  `created_by` varchar(10) DEFAULT NULL COMMENT '创建人',
  `updated_date` datetime DEFAULT NULL COMMENT '修改时间',
  `updated_by` varchar(10) DEFAULT NULL COMMENT '修改人',
  `company_id` varchar(10) NOT NULL COMMENT '代理商公司id',
  PRIMARY KEY (`role_id`)
) ENGINE=InnoDB AUTO_INCREMENT=35 DEFAULT CHARSET=utf8 COMMENT='运维岗位信息';

-- ----------------------------
-- Records of agent_role_info
-- ----------------------------
INSERT INTO `agent_role_info` VALUES ('21', '0', '测试', '2018-01-10 15:48:21', '70bb90c4-0', '2018-03-06 09:52:51', 'a71904c0-3', '');
INSERT INTO `agent_role_info` VALUES ('22', '0', '金玲', '2018-01-24 16:23:04', '444e1ae4-b', '2018-03-06 09:56:26', 'a71904c0-3', '');
INSERT INTO `agent_role_info` VALUES ('23', '0', 'lansong128', '2018-03-06 10:47:31', 'dabe55a7-e', '2018-03-06 11:14:34', 'dabe55a7-e', '4a813224-f');
INSERT INTO `agent_role_info` VALUES ('24', '0', '炜哥666', '2018-03-06 11:27:12', 'dabe55a7-e', '2018-03-06 11:28:28', 'dabe55a7-e', '4a813224-f');
INSERT INTO `agent_role_info` VALUES ('25', '0', '蓝颂测试', '2018-03-06 14:52:09', 'dabe55a7-e', '2018-03-06 14:52:09', 'dabe55a7-e', '4a813224-f');
INSERT INTO `agent_role_info` VALUES ('26', '0', '44', '2018-03-06 16:32:36', 'dabe55a7-e', '2018-03-06 16:32:36', 'dabe55a7-e', '4a813224-f');
INSERT INTO `agent_role_info` VALUES ('32', '0', '11', '2018-03-09 09:27:27', '444e1ae4-b', '2018-03-09 09:28:26', '444e1ae4-b', 'c7be5421-0');
INSERT INTO `agent_role_info` VALUES ('33', '0', '11', '2018-03-09 09:39:25', 'a71904c0-3', '2018-03-09 09:39:28', 'a71904c0-3', 'd2104b00-4');
INSERT INTO `agent_role_info` VALUES ('34', '0', 'ceshi', '2018-04-11 11:20:09', '70bb90c4-0', '2018-04-11 11:20:09', '70bb90c4-0', 'b2126bc4-3');

-- ----------------------------
-- Table structure for agent_user_role
-- ----------------------------
DROP TABLE IF EXISTS `agent_user_role`;
CREATE TABLE `agent_user_role` (
  `agent_user_role_id` int(11) NOT NULL AUTO_INCREMENT COMMENT '运维员工岗位流水号',
  `user_id` varchar(10) NOT NULL COMMENT '运维用户流水号',
  `role_id` int(11) NOT NULL,
  `created_date` datetime DEFAULT NULL,
  `created_by` varchar(10) DEFAULT NULL,
  PRIMARY KEY (`agent_user_role_id`)
) ENGINE=InnoDB AUTO_INCREMENT=28 DEFAULT CHARSET=utf8;

-- ----------------------------
-- Records of agent_user_role
-- ----------------------------
INSERT INTO `agent_user_role` VALUES ('23', 'SU00010216', '21', '2018-01-10 15:51:15', '70bb90c4-0');
INSERT INTO `agent_user_role` VALUES ('24', 'SU00010208', '22', '2018-01-30 18:29:57', '444e1ae4-b');
INSERT INTO `agent_user_role` VALUES ('25', 'SU00010260', '24', '2018-03-06 11:37:22', 'dabe55a7-e');
INSERT INTO `agent_user_role` VALUES ('27', 'SU00010271', '33', '2018-03-09 17:42:13', 'a71904c0-3');

-- ----------------------------
-- Table structure for bs_mailbag
-- ----------------------------
DROP TABLE IF EXISTS `bs_mailbag`;
CREATE TABLE `bs_mailbag` (
  `mailbag_id` int(11) NOT NULL AUTO_INCREMENT,
  `mailbag_code` varchar(30) NOT NULL,
  `company_id` varchar(10) NOT NULL,
  `mailbag_weight` double(12,3) DEFAULT NULL COMMENT '邮袋毛重',
  `package_count` int(11) DEFAULT NULL COMMENT '邮袋中包裹数',
  `scan_last_count` int(11) DEFAULT NULL COMMENT '邮袋扫描次数',
  `begin_time` datetime DEFAULT NULL COMMENT '装袋开始时间',
  `end_time` datetime DEFAULT NULL COMMENT '装袋结束时间',
  `mailbag_status` char(1) NOT NULL COMMENT '邮袋状态(0：初始  1：正在装袋   2：已完成装袋(等待揽收) 3:已揽收(等待交付)  4:已交付 5：已作废)',
  `receive_time` datetime DEFAULT NULL COMMENT '揽收时间',
  `receive_by` varchar(50) DEFAULT NULL COMMENT '揽收人',
  `create_time` datetime DEFAULT NULL,
  `create_by` varchar(50) DEFAULT NULL,
  `update_time` datetime DEFAULT NULL,
  `update_by` varchar(50) DEFAULT NULL,
  `hand_over_time` datetime DEFAULT NULL COMMENT '交付时间',
  `hand_over_by` varchar(50) DEFAULT NULL COMMENT '交付人',
  `mailbag_label_print_time` datetime DEFAULT NULL COMMENT '邮袋标签打印时间',
  `mailbag_label_print_by` varchar(50) DEFAULT NULL COMMENT '邮袋标签打印人',
  `belong_agent_company_id` varchar(10) DEFAULT NULL COMMENT '归属代理商公司流水号（代理商开发客户存在）',
  PRIMARY KEY (`mailbag_id`),
  KEY `company_id` (`company_id`) USING BTREE,
  KEY `belong_agent_company_id` (`belong_agent_company_id`) USING BTREE,
  KEY `mailbag_code` (`mailbag_code`) USING BTREE
) ENGINE=InnoDB AUTO_INCREMENT=169 DEFAULT CHARSET=utf8;

-- ----------------------------
-- Records of bs_mailbag
-- ----------------------------
INSERT INTO `bs_mailbag` VALUES ('1', 'KHYD100000021', '079a7440-4', '10.000', '50', null, '2018-01-25 10:26:46', '2018-01-25 10:26:53', '3', '2018-01-30 15:17:52', '6f1e5ede-a', '2018-01-25 10:28:26', '依依东望', '2018-01-25 10:28:38', '一一一', null, null, '2018-01-25 10:28:54', '顶顶顶顶', '');
INSERT INTO `bs_mailbag` VALUES ('3', 'KHYD100000023', '9627c4cd-a', '10.000', '4', '1', '2018-01-25 10:26:46', '2018-01-25 10:26:53', '4', '2018-01-29 12:17:02', 'agent', '2018-01-25 10:28:26', '依依东望', '2018-01-25 16:26:49', 'de35a30c-6', '2018-01-29 18:33:41', '6f1e5ede-a', '2018-01-25 10:28:54', '顶顶顶顶', 'd0ea50c0-0');
INSERT INTO `bs_mailbag` VALUES ('4', 'KHYD100000024', '9627c4cd-a', '10.000', '6', '2', '2018-01-25 10:26:46', '2018-01-25 10:26:53', '4', '2018-01-30 15:41:37', '6f1e5ede-a', '2018-01-25 10:28:26', '依依东望', '2018-01-30 16:31:00', 'de35a30c-6', '2018-01-30 18:06:41', '6f1e5ede-a', '2018-01-30 16:31:00', 'de35a30c-6', 'd0ea50c0-0');
INSERT INTO `bs_mailbag` VALUES ('5', 'KHYD100000025', '9627c4cd-a', '10.000', '3', '6', '2018-01-25 10:26:46', '2018-01-25 10:26:53', '4', '2018-01-25 09:27:24', '依依东望', '2018-01-25 10:28:26', '依依东望', '2018-01-25 10:28:38', null, '2018-01-26 16:28:05', '6f1e5ede-a', '2018-01-25 10:28:54', '顶顶顶顶', 'd0ea50c0-0');
INSERT INTO `bs_mailbag` VALUES ('6', 'KHYD100000026', 'd0ea50c0-0', '10.000', '2', '4', '2018-01-25 10:26:46', '2018-01-25 10:26:53', '3', '2018-02-01 16:11:24', '6f1e5ede-a', '2018-01-25 10:28:26', '依依东望', '2018-01-25 10:28:38', null, null, null, '2018-01-25 10:28:54', '顶顶顶顶', 'd0ea50c0-0');
INSERT INTO `bs_mailbag` VALUES ('10', 'KHYD7', '9627c4cd-a', '0.000', null, null, '2018-01-25 17:36:56', '2018-01-25 19:58:51', '5', null, null, '2018-01-25 17:36:51', 'de35a30c-6', '2018-01-26 16:57:38', 'de35a30c-6', null, null, '2018-01-26 11:55:53', 'de35a30c-6', 'b2126bc4-3');
INSERT INTO `bs_mailbag` VALUES ('11', 'KHYD8', '9627c4cd-a', '0.000', null, null, '2018-01-25 17:49:07', '2018-01-26 10:57:27', '5', null, null, '2018-01-25 17:49:07', 'de35a30c-6', '2018-01-26 16:37:37', 'de35a30c-6', null, null, '2018-01-25 18:24:42', 'de35a30c-6', 'b2126bc4-3');
INSERT INTO `bs_mailbag` VALUES ('13', 'KHYD10', '9627c4cd-a', '1.000', '1', null, '2018-01-25 17:58:31', null, '1', null, null, '2018-01-25 17:58:31', 'de35a30c-6', '2018-01-25 17:58:31', 'de35a30c-6', null, null, null, null, 'b2126bc4-3');
INSERT INTO `bs_mailbag` VALUES ('14', 'KHYD11', '9627c4cd-a', '1.000', '1', null, '2018-01-25 18:00:14', null, '1', null, null, '2018-01-25 18:00:14', 'de35a30c-6', '2018-01-25 18:00:14', 'de35a30c-6', null, null, null, null, 'b2126bc4-3');
INSERT INTO `bs_mailbag` VALUES ('15', 'KHYD12', '9627c4cd-a', '0.000', null, '1', '2018-01-25 18:03:08', null, '5', null, null, '2018-01-25 18:03:08', 'de35a30c-6', '2018-01-26 16:15:13', 'de35a30c-6', null, null, null, null, 'b2126bc4-3');
INSERT INTO `bs_mailbag` VALUES ('22', 'KHYD100000022', '9627c4cd-a', '9.700', '1', '3', '2018-01-25 10:26:46', '2018-01-25 10:26:53', '3', '2018-01-30 15:17:52', '6f1e5ede-a', '2018-01-25 10:28:26', '依依东望', '2018-01-26 16:43:46', 'de35a30c-6', null, null, '2018-01-25 10:28:54', '顶顶顶顶', 'd0ea50c0-0');
INSERT INTO `bs_mailbag` VALUES ('23', 'KHYD13', '9627c4cd-a', '1.000', '1', '1', '2018-01-25 18:24:08', null, '1', null, null, '2018-01-25 18:24:08', 'de35a30c-6', '2018-01-25 18:24:08', 'de35a30c-6', null, null, null, null, 'b2126bc4-3');
INSERT INTO `bs_mailbag` VALUES ('24', 'KHYD14', '9627c4cd-a', '1.000', '1', '1', '2018-01-26 10:34:20', '2018-01-26 16:38:56', '3', '2018-01-30 15:17:52', '6f1e5ede-a', '2018-01-26 10:34:20', 'de35a30c-6', '2018-02-07 00:31:08', 'de35a30c-6', null, null, '2018-01-30 16:31:08', 'de35a30c-6', 'b2126bc4-3');
INSERT INTO `bs_mailbag` VALUES ('25', 'KHYD15', '9627c4cd-a', '0.000', null, '3', '2018-01-26 14:51:38', '2018-01-26 14:53:59', '5', null, null, '2018-01-26 14:51:38', 'de35a30c-6', '2018-01-26 17:06:33', 'de35a30c-6', null, null, null, null, 'b2126bc4-3');
INSERT INTO `bs_mailbag` VALUES ('26', 'KHYD16', '9627c4cd-a', '0.000', null, '1', '2018-01-26 14:53:07', '2018-01-26 14:53:11', '5', null, null, '2018-01-26 14:53:07', 'de35a30c-6', '2018-01-26 14:53:11', 'de35a30c-6', null, null, null, null, 'b2126bc4-3');
INSERT INTO `bs_mailbag` VALUES ('30', 'KHYD20', '50a0a459-6', '0.000', null, '3', '2018-01-26 15:34:50', '2018-01-26 15:38:22', '5', '2018-01-26 15:51:45', 'jinling', '2018-01-26 15:34:50', '98609011-5', '2018-01-27 11:09:46', '98609011-5', '2018-01-27 10:26:17', '444e1ae4-b', '2018-01-26 18:50:16', '98609011-5', 'c7be5421-0');
INSERT INTO `bs_mailbag` VALUES ('31', 'KHYD21', 'd45c0161-5', '1.000', '0', '2', '2018-01-26 15:36:25', '2018-01-26 15:36:47', '2', '2018-01-29 11:54:16', 'agent', '2018-01-26 15:36:25', '70fa3318-6', '2018-01-26 15:37:31', '70fa3318-6', null, null, null, null, '1e004b3d-6');
INSERT INTO `bs_mailbag` VALUES ('32', 'KHYD22', 'd45c0161-5', '0.000', null, '2', '2018-01-26 15:39:51', null, '5', null, null, '2018-01-26 15:39:51', '70fa3318-6', '2018-01-26 15:43:35', '70fa3318-6', null, null, null, null, '1e004b3d-6');
INSERT INTO `bs_mailbag` VALUES ('33', 'KHYD23', 'd45c0161-5', '0.000', null, '1', '2018-01-26 15:45:21', null, '5', null, null, '2018-01-26 15:45:21', '70fa3318-6', '2018-01-26 15:46:15', '70fa3318-6', null, null, null, null, '1e004b3d-6');
INSERT INTO `bs_mailbag` VALUES ('34', 'KHYD24', 'd45c0161-5', '5.000', '2', '3', '2018-01-26 15:50:45', '2018-01-26 15:55:05', '3', '2018-02-09 15:17:57', '6f1e5ede-a', '2018-01-26 15:50:45', '70fa3318-6', '2018-01-30 16:40:11', '70fa3318-6', null, null, '2018-01-30 16:40:11', '70fa3318-6', '1e004b3d-6');
INSERT INTO `bs_mailbag` VALUES ('35', 'KHYD25', 'd45c0161-5', '1.000', '1', '1', '2018-01-26 16:00:54', '2018-01-26 16:00:56', '3', '2018-01-30 15:17:57', '6f1e5ede-a', '2018-01-26 16:00:54', '70fa3318-6', '2018-01-26 16:00:56', '70fa3318-6', null, null, null, null, '1e004b3d-6');
INSERT INTO `bs_mailbag` VALUES ('36', 'KHYD26', '50a0a459-6', '0.000', null, '1', '2018-01-26 16:17:42', null, '5', null, null, '2018-01-26 16:17:42', '98609011-5', '2018-01-26 19:00:30', '98609011-5', null, null, '2018-01-26 19:00:30', '98609011-5', 'c7be5421-0');
INSERT INTO `bs_mailbag` VALUES ('37', 'KHYD27', 'd45c0161-5', '2.330', '1', '1', '2018-01-26 16:38:40', null, '1', null, null, '2018-01-26 16:38:40', '70fa3318-6', '2018-01-26 16:38:40', '70fa3318-6', null, null, null, null, '1e004b3d-6');
INSERT INTO `bs_mailbag` VALUES ('38', 'KHYD28', '50a0a459-6', '0.000', null, '1', '2018-01-26 16:38:48', '2018-01-26 16:38:56', '5', null, null, '2018-01-26 16:38:48', '98609011-5', '2018-01-26 16:38:56', '98609011-5', null, null, null, null, 'c7be5421-0');
INSERT INTO `bs_mailbag` VALUES ('39', 'KHYD29', '50a0a459-6', '3.000', '2', '4', '2018-01-26 16:40:25', '2018-01-26 18:54:17', '4', '2018-01-27 14:51:50', 'agent', '2018-01-26 16:40:25', '98609011-5', '2018-01-26 18:54:17', '98609011-5', '2018-01-29 11:00:55', '444e1ae4-b', '2018-01-26 18:54:07', '98609011-5', 'c7be5421-0');
INSERT INTO `bs_mailbag` VALUES ('40', 'KHYD30', 'd45c0161-5', '0.020', '1', '1', '2018-01-26 16:43:22', '2018-01-26 16:43:53', '3', '2018-01-30 15:17:57', '6f1e5ede-a', '2018-01-26 16:43:22', '70fa3318-6', '2018-01-26 16:43:53', '70fa3318-6', null, null, null, null, '1e004b3d-6');
INSERT INTO `bs_mailbag` VALUES ('41', 'KHYD31', 'd45c0161-5', '1.220', '1', '1', '2018-01-26 16:44:45', null, '1', null, null, '2018-01-26 16:44:45', '70fa3318-6', '2018-01-26 17:02:59', '70fa3318-6', null, null, '2018-01-26 17:02:59', '70fa3318-6', '1e004b3d-6');
INSERT INTO `bs_mailbag` VALUES ('42', 'KHYD32', '50a0a459-6', '1.000', '1', '2', '2018-01-26 16:45:34', '2018-01-26 16:48:30', '4', '2018-01-26 16:49:18', '6f1e5ede-a', '2018-01-26 16:45:34', '98609011-5', '2018-01-26 16:48:30', '98609011-5', '2018-01-29 11:00:59', '444e1ae4-b', null, null, 'c7be5421-0');
INSERT INTO `bs_mailbag` VALUES ('48', 'KHYD38', '9627c4cd-a', '11111111.000', '0', '5', '2018-01-26 16:56:10', null, '1', null, null, '2018-01-26 16:56:10', 'de35a30c-6', '2018-01-26 17:06:22', 'de35a30c-6', null, null, '2018-01-26 17:01:18', 'de35a30c-6', 'b2126bc4-3');
INSERT INTO `bs_mailbag` VALUES ('49', 'KHYD39', '9627c4cd-a', '0.000', null, '1', '2018-01-26 17:02:42', null, '5', null, null, '2018-01-26 17:02:42', 'de35a30c-6', '2018-01-26 17:06:15', 'de35a30c-6', null, null, null, null, 'b2126bc4-3');
INSERT INTO `bs_mailbag` VALUES ('50', 'KHYD40', '9627c4cd-a', '0.000', null, '1', '2018-01-26 17:06:28', null, '5', null, null, '2018-01-26 17:06:28', 'de35a30c-6', '2018-01-26 17:06:36', 'de35a30c-6', null, null, null, null, 'b2126bc4-3');
INSERT INTO `bs_mailbag` VALUES ('52', 'KHYD42', '9627c4cd-a', '0.000', null, '1', '2018-01-26 17:10:39', null, '5', null, null, '2018-01-26 17:10:39', 'de35a30c-6', '2018-01-26 17:10:39', 'de35a30c-6', null, null, null, null, 'b2126bc4-3');
INSERT INTO `bs_mailbag` VALUES ('53', 'KHYD43', '50a0a459-6', '1.000', '1', '2', '2018-01-26 17:30:05', '2018-01-26 17:31:31', '4', '2018-01-29 12:17:36', 'agent', '2018-01-26 17:30:05', '98609011-5', '2018-01-26 17:31:31', '98609011-5', '2018-01-29 17:28:34', '444e1ae4-b', '2018-01-26 17:30:15', '98609011-5', 'c7be5421-0');
INSERT INTO `bs_mailbag` VALUES ('54', 'KHYD44', 'd45c0161-5', '3.440', '2', '1', '2018-01-26 17:35:24', '2018-01-26 17:35:40', '3', '2018-01-30 15:17:57', '6f1e5ede-a', '2018-01-26 17:35:24', '70fa3318-6', '2018-01-26 17:35:40', '70fa3318-6', null, null, null, null, '1e004b3d-6');
INSERT INTO `bs_mailbag` VALUES ('55', 'KHYD45', '50a0a459-6', '0.000', '0', '2', '2018-01-26 17:37:20', '2018-01-26 17:37:24', '4', '2018-01-26 17:37:50', 'jinling', '2018-01-26 17:37:20', '98609011-5', '2018-01-27 16:36:46', '98609011-5', '2018-01-27 10:14:35', '444e1ae4-b', null, null, 'c7be5421-0');
INSERT INTO `bs_mailbag` VALUES ('56', 'KHYD46', 'd45c0161-5', '2.000', '1', '1', '2018-01-26 17:40:52', '2018-01-26 17:40:56', '3', '2018-01-30 15:17:57', '6f1e5ede-a', '2018-01-26 17:40:52', '70fa3318-6', '2018-01-30 16:25:04', '70fa3318-6', null, null, '2018-01-30 16:25:04', '70fa3318-6', '1e004b3d-6');
INSERT INTO `bs_mailbag` VALUES ('57', 'KHYD47', '50a0a459-6', '0.000', null, '1', '2018-01-26 17:44:08', null, '5', null, null, '2018-01-26 17:44:08', '98609011-5', '2018-01-26 17:44:08', '98609011-5', null, null, null, null, 'c7be5421-0');
INSERT INTO `bs_mailbag` VALUES ('58', 'KHYD48', '50a0a459-6', '1.000', '1', '2', '2018-01-26 17:46:05', '2018-01-26 17:46:08', '4', '2018-01-26 17:46:37', 'jinling', '2018-01-26 17:46:05', '98609011-5', '2018-01-26 17:46:08', '98609011-5', '2018-01-27 18:09:37', '444e1ae4-b', null, null, 'c7be5421-0');
INSERT INTO `bs_mailbag` VALUES ('59', 'KHYD49', '50a0a459-6', '0.000', null, '1', '2018-01-26 17:50:36', null, '5', null, null, '2018-01-26 17:50:36', '98609011-5', '2018-01-26 17:50:36', '98609011-5', null, null, null, null, 'c7be5421-0');
INSERT INTO `bs_mailbag` VALUES ('60', 'KHYD50', '50a0a459-6', '0.000', null, '4', '2018-01-26 18:14:13', null, '2', null, null, '2018-01-26 18:14:13', '98609011-5', '2018-01-26 18:59:47', '98609011-5', null, null, '2018-01-26 18:59:47', '98609011-5', 'c7be5421-0');
INSERT INTO `bs_mailbag` VALUES ('61', 'KHYD51', '50a0a459-6', '1.200', '1', '2', '2018-01-26 18:39:12', '2018-01-26 18:39:28', '4', '2018-01-26 18:43:07', 'jinling', '2018-01-26 18:39:12', '98609011-5', '2018-01-30 17:58:13', '98609011-5', '2018-01-27 11:17:55', '444e1ae4-b', '2018-01-30 17:58:13', '98609011-5', 'c7be5421-0');
INSERT INTO `bs_mailbag` VALUES ('62', 'KHYD52', '50a0a459-6', '0.000', null, '1', '2018-01-27 09:48:11', '2018-01-27 09:48:50', '5', null, null, '2018-01-27 09:48:11', '98609011-5', '2018-01-27 09:48:50', '98609011-5', null, null, '2018-01-27 09:48:45', '98609011-5', 'c7be5421-0');
INSERT INTO `bs_mailbag` VALUES ('63', 'KHYD53', 'd45c0161-5', '2.000', '1', '2', '2018-01-27 10:13:06', '2018-01-27 10:13:45', '3', '2018-01-30 15:17:57', '6f1e5ede-a', '2018-01-27 10:13:06', '70fa3318-6', '2018-01-30 16:24:53', '70fa3318-6', null, null, '2018-01-30 16:24:53', '70fa3318-6', '1e004b3d-6');
INSERT INTO `bs_mailbag` VALUES ('64', 'KHYD54', 'd45c0161-5', '3.000', '2', '3', '2018-01-27 10:16:24', '2018-01-27 10:17:59', '4', '2018-01-27 10:18:25', 'lansong123', '2018-01-27 10:16:24', '70fa3318-6', '2018-01-27 10:17:59', '70fa3318-6', '2018-01-27 10:19:02', '257ebdf7-d', null, null, '1e004b3d-6');
INSERT INTO `bs_mailbag` VALUES ('65', 'KHYD55', '50a0a459-6', '0.000', null, '1', '2018-01-27 10:29:08', null, '5', null, null, '2018-01-27 10:29:08', '98609011-5', '2018-01-27 10:29:08', '98609011-5', null, null, null, null, 'c7be5421-0');
INSERT INTO `bs_mailbag` VALUES ('66', 'KHYD56', 'd45c0161-5', '1.000', '1', '1', '2018-01-27 10:53:24', '2018-01-27 10:53:28', '3', '2018-01-30 15:17:57', '6f1e5ede-a', '2018-01-27 10:53:24', '70fa3318-6', '2018-01-27 10:53:28', '70fa3318-6', null, null, null, null, '1e004b3d-6');
INSERT INTO `bs_mailbag` VALUES ('67', 'KHYD57', '50a0a459-6', '0.000', '0', '2', '2018-01-27 11:04:38', '2018-01-27 11:04:42', '4', '2018-01-27 11:05:31', '6f1e5ede-a', '2018-01-27 11:04:38', '98609011-5', '2018-01-27 15:33:49', '98609011-5', '2018-01-27 11:17:42', '444e1ae4-b', '2018-01-27 15:33:49', '98609011-5', 'c7be5421-0');
INSERT INTO `bs_mailbag` VALUES ('68', 'KHYD58', 'd45c0161-5', '4.220', '2', '2', '2018-01-27 11:09:51', '2018-01-27 11:10:41', '3', '2018-01-30 15:17:57', '6f1e5ede-a', '2018-01-27 11:09:51', '70fa3318-6', '2018-01-27 11:12:41', '70fa3318-6', null, null, '2018-01-27 11:10:49', '70fa3318-6', '1e004b3d-6');
INSERT INTO `bs_mailbag` VALUES ('69', 'KHYD59', '50a0a459-6', '0.000', '0', '2', '2018-01-27 14:01:09', '2018-01-27 14:01:24', '4', '2018-01-27 14:04:27', '6f1e5ede-a', '2018-01-27 14:01:09', '98609011-5', '2018-01-27 14:01:45', '98609011-5', '2018-01-27 14:33:02', '444e1ae4-b', '2018-01-27 14:01:18', '98609011-5', 'c7be5421-0');
INSERT INTO `bs_mailbag` VALUES ('70', 'KHYD60', '50a0a459-6', '1.000', '1', '2', '2018-01-27 14:02:48', '2018-01-27 14:02:52', '4', '2018-01-27 14:05:15', '6f1e5ede-a', '2018-01-27 14:02:48', '98609011-5', '2018-01-27 14:06:00', '98609011-5', '2018-01-27 14:07:20', '444e1ae4-b', '2018-01-27 14:06:00', '98609011-5', 'c7be5421-0');
INSERT INTO `bs_mailbag` VALUES ('74', 'KHYD64', 'd45c0161-5', '3.000', '3', '2', '2018-01-27 14:22:27', '2018-01-27 14:23:55', '3', '2018-01-30 15:17:57', '6f1e5ede-a', '2018-01-27 14:22:27', '70fa3318-6', '2018-01-27 14:23:55', '70fa3318-6', null, null, null, null, '1e004b3d-6');
INSERT INTO `bs_mailbag` VALUES ('75', 'KHYD65', 'd45c0161-5', '2.000', '2', '5', '2018-01-27 14:27:17', '2018-01-27 14:35:20', '4', '2018-01-27 14:37:11', '6f1e5ede-a', '2018-01-27 14:27:17', '70fa3318-6', '2018-01-27 14:43:35', '70fa3318-6', '2018-01-27 14:43:00', '257ebdf7-d', null, null, '1e004b3d-6');
INSERT INTO `bs_mailbag` VALUES ('77', 'KHYD67', '50a0a459-6', '3.000', '2', '2', '2018-01-27 14:30:45', '2018-01-27 14:30:59', '4', '2018-01-27 14:32:11', '6f1e5ede-a', '2018-01-27 14:30:45', '98609011-5', '2018-01-27 14:30:59', '98609011-5', '2018-01-27 14:33:13', '444e1ae4-b', '2018-01-27 14:30:55', '98609011-5', 'c7be5421-0');
INSERT INTO `bs_mailbag` VALUES ('78', 'KHYD68', '9627c4cd-a', '2.000', '2', '1', '2018-01-27 14:37:36', null, '1', null, null, '2018-01-27 14:37:36', 'de35a30c-6', '2018-01-27 14:37:45', 'de35a30c-6', null, null, null, null, 'b2126bc4-3');
INSERT INTO `bs_mailbag` VALUES ('79', 'KHYD69', '9627c4cd-a', '4.000', '4', '2', '2018-01-27 14:39:34', '2018-01-27 14:44:19', '3', '2018-03-10 14:37:42', 'SU00010263', '2018-01-27 14:39:34', 'de35a30c-6', '2018-03-10 14:37:42', 'SU00010263', null, null, null, null, 'b2126bc4-3');
INSERT INTO `bs_mailbag` VALUES ('80', 'KHYD70', '9627c4cd-a', '3.000', '3', '1', '2018-01-27 14:43:34', '2018-01-27 14:43:46', '3', '2018-03-10 14:50:22', 'SU00010263', '2018-01-27 14:43:34', 'de35a30c-6', '2018-03-10 14:50:22', 'SU00010263', null, null, '2018-01-30 17:42:12', 'de35a30c-6', 'b2126bc4-3');
INSERT INTO `bs_mailbag` VALUES ('81', 'KHYD71', 'd45c0161-5', '4.000', '4', '4', '2018-01-27 14:47:50', '2018-01-27 14:48:49', '4', '2018-01-27 14:55:40', '6f1e5ede-a', '2018-01-27 14:47:50', '70fa3318-6', '2018-01-27 15:00:16', '70fa3318-6', '2018-01-27 14:59:29', '257ebdf7-d', '2018-01-27 15:00:16', '70fa3318-6', '1e004b3d-6');
INSERT INTO `bs_mailbag` VALUES ('84', 'KHYD74', '50a0a459-6', '0.000', null, '2', '2018-01-27 15:40:58', '2018-01-27 15:42:33', '5', '2018-01-29 13:04:57', '6f1e5ede-a', '2018-01-27 15:40:58', '98609011-5', '2018-01-27 15:42:33', '98609011-5', null, null, '2018-01-27 15:42:24', '98609011-5', 'c7be5421-0');
INSERT INTO `bs_mailbag` VALUES ('85', 'KHYD75', 'd45c0161-5', '2.000', '2', '1', '2018-01-27 15:43:53', '2018-01-27 15:46:28', '3', '2018-01-29 17:25:11', '6f1e5ede-a', '2018-01-27 15:43:53', '70fa3318-6', '2018-01-27 15:46:28', '70fa3318-6', null, null, null, null, '1e004b3d-6');
INSERT INTO `bs_mailbag` VALUES ('86', 'KHYD76', '50a0a459-6', '0.000', null, '1', '2018-01-27 16:02:20', null, '5', null, null, '2018-01-27 16:02:20', '98609011-5', '2018-01-27 16:02:20', '98609011-5', null, null, null, null, 'c7be5421-0');
INSERT INTO `bs_mailbag` VALUES ('87', 'KHYD77', 'd45c0161-5', '2.000', '2', '1', '2018-01-27 16:05:29', null, '1', null, null, '2018-01-27 16:05:29', '70fa3318-6', '2018-01-27 16:05:34', '70fa3318-6', null, null, null, null, '1e004b3d-6');
INSERT INTO `bs_mailbag` VALUES ('89', 'KHYD79', 'd45c0161-5', '4.000', '4', '1', '2018-01-27 16:20:49', '2018-01-27 16:21:37', '3', '2018-01-29 13:04:57', 'luoxin', '2018-01-27 16:20:49', '70fa3318-6', '2018-01-30 16:33:45', '70fa3318-6', null, null, '2018-01-30 16:33:45', '70fa3318-6', '1e004b3d-6');
INSERT INTO `bs_mailbag` VALUES ('91', 'KHYD81', '50a0a459-6', '1.000', '1', '2', '2018-01-27 16:23:30', '2018-01-27 16:24:22', '4', '2018-01-27 16:28:04', 'jinling', '2018-01-27 16:23:30', '98609011-5', '2018-01-27 16:52:15', '98609011-5', '2018-01-27 16:35:35', '444e1ae4-b', '2018-01-27 16:52:15', '98609011-5', 'c7be5421-0');
INSERT INTO `bs_mailbag` VALUES ('92', 'KHYD82', '50a0a459-6', '4.000', '4', '3', '2018-01-27 16:56:02', '2018-01-27 16:59:20', '4', '2018-01-29 16:29:28', 'jinling', '2018-01-27 16:56:02', '98609011-5', '2018-01-30 16:36:33', '98609011-5', '2018-01-29 16:29:45', '444e1ae4-b', '2018-01-30 16:36:33', '98609011-5', 'c7be5421-0');
INSERT INTO `bs_mailbag` VALUES ('94', 'KHYD84', '50a0a459-6', '4.000', '1', '3', '2018-01-29 10:54:27', '2018-01-29 10:57:43', '4', '2018-01-29 10:58:53', 'jinling', '2018-01-29 10:54:27', '98609011-5', '2018-01-30 16:35:34', '98609011-5', '2018-01-29 11:00:37', '444e1ae4-b', '2018-01-30 16:35:34', '98609011-5', 'c7be5421-0');
INSERT INTO `bs_mailbag` VALUES ('95', 'KHYD85', 'e02a2f71-f', '14.433', '4', '3', '2018-01-29 11:06:54', '2018-01-29 11:10:56', '4', '2018-01-29 11:14:32', 'jinling', '2018-01-29 11:06:54', '16da45e4-9', '2018-01-29 11:10:56', '16da45e4-9', '2018-01-29 11:44:57', '444e1ae4-b', '2018-01-29 11:10:23', '16da45e4-9', 'c7be5421-0');
INSERT INTO `bs_mailbag` VALUES ('96', 'KHYD86', 'e02a2f71-f', '1.000', '1', '2', '2018-01-29 11:51:00', '2018-01-29 11:51:03', '4', '2018-01-29 17:25:11', 'jinling', '2018-01-29 11:51:00', '16da45e4-9', '2018-01-29 11:51:03', '16da45e4-9', '2018-01-30 09:53:22', '444e1ae4-b', null, null, 'c7be5421-0');
INSERT INTO `bs_mailbag` VALUES ('97', 'KHYD87', 'e02a2f71-f', '8.000', '4', '2', '2018-01-29 11:54:37', '2018-01-29 11:55:06', '4', '2018-01-29 17:25:11', 'jinling', '2018-01-29 11:54:37', '16da45e4-9', '2018-01-29 11:55:06', '16da45e4-9', '2018-01-30 11:27:35', '444e1ae4-b', null, null, 'c7be5421-0');
INSERT INTO `bs_mailbag` VALUES ('98', 'KHYD88', 'e02a2f71-f', '5.000', '4', '3', '2018-01-29 11:59:51', '2018-01-29 12:00:58', '4', '2018-01-29 12:01:16', 'jinling', '2018-01-29 11:59:51', '16da45e4-9', '2018-01-29 12:00:58', '16da45e4-9', '2018-01-29 12:03:40', '444e1ae4-b', null, null, 'c7be5421-0');
INSERT INTO `bs_mailbag` VALUES ('99', 'KHYD89', 'e02a2f71-f', '1.000', '1', '1', '2018-01-29 14:17:36', null, '1', null, null, '2018-01-29 14:17:36', '16da45e4-9', '2018-01-29 14:17:36', '16da45e4-9', null, null, null, null, 'c7be5421-0');
INSERT INTO `bs_mailbag` VALUES ('100', 'KHYD90', 'e02a2f71-f', '1.000', '1', '2', '2018-01-29 14:21:49', '2018-01-29 14:21:54', '4', '2018-01-29 14:26:07', 'jinling', '2018-01-29 14:21:49', '16da45e4-9', '2018-01-29 14:21:54', '16da45e4-9', '2018-01-29 14:26:38', '444e1ae4-b', null, null, 'c7be5421-0');
INSERT INTO `bs_mailbag` VALUES ('101', 'KHYD91', 'e02a2f71-f', '6.000', '4', '3', '2018-01-29 15:40:38', '2018-01-29 15:42:36', '4', '2018-01-29 15:46:39', 'jinling', '2018-01-29 15:40:38', '16da45e4-9', '2018-01-30 18:17:18', '16da45e4-9', '2018-01-29 15:47:05', '444e1ae4-b', '2018-01-30 18:17:18', '16da45e4-9', 'c7be5421-0');
INSERT INTO `bs_mailbag` VALUES ('102', 'KHYD92', 'e02a2f71-f', '7.000', '4', '3', '2018-01-29 15:50:36', '2018-01-29 15:52:16', '4', '2018-01-29 15:52:55', 'jinling', '2018-01-29 15:50:36', '16da45e4-9', '2018-01-30 18:17:10', '16da45e4-9', '2018-01-29 15:53:20', '444e1ae4-b', '2018-01-30 18:17:10', '16da45e4-9', 'c7be5421-0');
INSERT INTO `bs_mailbag` VALUES ('103', 'KHYD93', '50a0a459-6', '4.000', '3', '6', '2018-01-29 17:09:25', '2018-01-29 17:10:50', '4', '2018-01-29 17:11:00', 'jinling', '2018-01-29 17:09:25', '98609011-5', '2018-02-01 15:50:42', '98609011-5', '2018-01-29 17:14:41', '444e1ae4-b', '2018-02-01 15:50:42', '98609011-5', 'c7be5421-0');
INSERT INTO `bs_mailbag` VALUES ('104', 'KHYD94', 'd45c0161-5', '9.000', '9', '2', '2018-01-29 17:23:54', '2018-01-29 17:26:08', '4', '2018-01-29 17:28:49', 'agent', '2018-01-29 17:23:54', '70fa3318-6', '2018-01-29 17:56:11', '70fa3318-6', '2018-01-29 17:47:59', '257ebdf7-d', '2018-01-29 17:56:11', '70fa3318-6', '1e004b3d-6');
INSERT INTO `bs_mailbag` VALUES ('105', 'KHYD95', '50a0a459-6', '0.000', '0', '1', '2018-01-29 18:01:05', null, '1', null, null, '2018-01-29 18:01:05', '98609011-5', '2018-01-29 18:02:27', '98609011-5', null, null, null, null, 'c7be5421-0');
INSERT INTO `bs_mailbag` VALUES ('106', 'KHYD96', '50a0a459-6', '1.000', '1', '2', '2018-01-29 18:16:27', '2018-01-29 18:16:30', '4', '2018-01-29 19:40:21', 'agent', '2018-01-29 18:16:27', '98609011-5', '2018-01-29 18:16:30', '98609011-5', '2018-01-30 09:58:26', '444e1ae4-b', null, null, 'c7be5421-0');
INSERT INTO `bs_mailbag` VALUES ('107', 'KHYD97', '50a0a459-6', '2.000', '2', '3', '2018-01-29 18:19:30', '2018-01-29 18:20:40', '4', '2018-01-30 09:40:48', 'agent', '2018-01-29 18:19:30', '98609011-5', '2018-01-30 16:34:34', '98609011-5', '2018-01-30 11:27:42', '444e1ae4-b', '2018-01-30 16:34:34', '98609011-5', 'c7be5421-0');
INSERT INTO `bs_mailbag` VALUES ('108', 'KHYD98', '50a0a459-6', '1.000', '1', '2', '2018-01-30 10:14:11', '2018-01-30 10:14:24', '4', '2018-01-30 10:14:32', 'jinling', '2018-01-30 10:14:11', '98609011-5', '2018-01-30 16:51:00', '98609011-5', '2018-01-30 10:22:29', '444e1ae4-b', '2018-01-30 16:51:00', '98609011-5', 'c7be5421-0');
INSERT INTO `bs_mailbag` VALUES ('109', 'KHYD99', '50a0a459-6', '1.000', '1', '2', '2018-01-30 10:29:40', '2018-01-30 10:29:50', '4', '2018-01-30 10:55:49', 'jinling', '2018-01-30 10:29:40', '98609011-5', '2018-01-30 18:17:31', '98609011-5', '2018-01-30 11:29:34', '444e1ae4-b', '2018-01-30 18:17:31', '98609011-5', 'c7be5421-0');
INSERT INTO `bs_mailbag` VALUES ('110', 'KHYD100', '50a0a459-6', '1.000', '1', '2', '2018-01-30 10:55:16', '2018-01-30 10:55:30', '4', '2018-01-30 10:55:49', 'jinling', '2018-01-30 10:55:16', '98609011-5', '2018-01-30 16:51:18', '98609011-5', '2018-01-30 10:56:23', '444e1ae4-b', '2018-01-30 16:51:18', '98609011-5', 'c7be5421-0');
INSERT INTO `bs_mailbag` VALUES ('111', 'KHYD101', '50a0a459-6', '0.000', '0', '5', '2018-01-30 11:13:56', '2018-01-30 11:14:01', '4', '2018-01-30 11:14:55', 'agent', '2018-01-30 11:13:56', '98609011-5', '2018-01-30 11:14:54', '98609011-5', '2018-01-30 11:29:46', '444e1ae4-b', null, null, 'c7be5421-0');
INSERT INTO `bs_mailbag` VALUES ('112', 'KHYD102', '50a0a459-6', '1.000', '1', '2', '2018-01-30 11:15:14', '2018-01-30 11:15:19', '4', '2018-01-30 11:15:24', 'agent', '2018-01-30 11:15:14', '98609011-5', '2018-01-30 11:15:19', '98609011-5', '2018-01-30 11:30:45', '444e1ae4-b', null, null, 'c7be5421-0');
INSERT INTO `bs_mailbag` VALUES ('113', 'KHYD103', 'd45c0161-5', '5.000', '5', '2', '2018-01-30 11:40:35', '2018-01-30 11:41:55', '3', '2018-01-30 11:49:44', 'jinling', '2018-01-30 11:40:35', '70fa3318-6', '2018-01-30 16:40:04', '70fa3318-6', null, null, '2018-01-30 16:40:04', '70fa3318-6', '1e004b3d-6');
INSERT INTO `bs_mailbag` VALUES ('114', 'KHYD104', '50a0a459-6', '0.000', '0', '1', '2018-01-30 11:47:16', '2018-01-30 11:47:19', '2', null, null, '2018-01-30 11:47:16', '98609011-5', '2018-01-30 16:31:18', '98609011-5', null, null, '2018-01-30 16:31:18', '98609011-5', 'c7be5421-0');
INSERT INTO `bs_mailbag` VALUES ('115', 'KHYD105', '50a0a459-6', '1.000', '1', '2', '2018-01-30 14:19:09', '2018-01-30 14:19:12', '4', '2018-01-30 14:19:34', 'jinling', '2018-01-30 14:19:09', '98609011-5', '2018-01-30 14:19:12', '98609011-5', '2018-01-30 14:19:55', '444e1ae4-b', null, null, 'c7be5421-0');
INSERT INTO `bs_mailbag` VALUES ('116', 'KHYD106', '50a0a459-6', '0.000', '0', '1', '2018-01-30 14:21:28', '2018-01-30 14:21:30', '2', null, null, '2018-01-30 14:21:28', '98609011-5', '2018-01-30 14:21:56', '98609011-5', null, null, null, null, 'c7be5421-0');
INSERT INTO `bs_mailbag` VALUES ('117', 'KHYD107', 'd45c0161-5', '0.000', null, '1', '2018-01-30 14:30:27', '2018-01-30 14:30:50', '5', null, null, '2018-01-30 14:30:27', '70fa3318-6', '2018-01-30 14:30:50', '70fa3318-6', null, null, null, null, '1e004b3d-6');
INSERT INTO `bs_mailbag` VALUES ('118', 'KHYD108', '50a0a459-6', '1.000', '1', '2', '2018-01-30 14:34:07', '2018-01-30 14:34:09', '4', '2018-01-30 14:34:44', 'jinling', '2018-01-30 14:34:07', '98609011-5', '2018-01-30 14:34:09', '98609011-5', '2018-01-30 14:34:53', '444e1ae4-b', null, null, 'c7be5421-0');
INSERT INTO `bs_mailbag` VALUES ('119', 'KHYD109', '50a0a459-6', '0.000', null, '1', '2018-01-30 14:34:23', null, '5', null, null, '2018-01-30 14:34:23', '98609011-5', '2018-01-30 14:34:23', '98609011-5', null, null, null, null, 'c7be5421-0');
INSERT INTO `bs_mailbag` VALUES ('120', 'KHYD110', '50a0a459-6', '2.000', '1', '3', '2018-01-30 14:38:32', '2018-01-30 14:38:50', '4', '2018-01-30 16:12:39', '444e1ae4-b', '2018-01-30 14:38:32', '98609011-5', '2018-01-30 14:38:50', '98609011-5', '2018-01-30 16:17:47', '444e1ae4-b', '2018-01-30 14:38:39', '98609011-5', 'c7be5421-0');
INSERT INTO `bs_mailbag` VALUES ('121', 'KHYD111', '9627c4cd-a', '1.000', '1', '2', '2018-01-30 14:40:25', '2018-01-30 14:40:29', '4', '2018-01-30 14:40:41', 'lansong123', '2018-01-30 14:40:25', 'de35a30c-6', '2018-01-30 14:40:29', 'de35a30c-6', '2018-01-30 14:42:07', '70bb90c4-0', null, null, 'b2126bc4-3');
INSERT INTO `bs_mailbag` VALUES ('122', 'KHYD112', '50a0a459-6', '0.000', null, '1', '2018-01-30 14:43:58', null, '5', null, null, '2018-01-30 14:43:58', '98609011-5', '2018-01-30 14:43:58', '98609011-5', null, null, null, null, 'c7be5421-0');
INSERT INTO `bs_mailbag` VALUES ('123', 'KHYD113', 'd45c0161-5', '1.000', '1', '2', '2018-01-30 14:53:40', '2018-01-30 14:53:48', '4', '2018-01-30 15:13:14', 'lansong123', '2018-01-30 14:53:40', '70fa3318-6', '2018-01-30 14:53:48', '70fa3318-6', '2018-01-30 15:13:31', '257ebdf7-d', null, null, '1e004b3d-6');
INSERT INTO `bs_mailbag` VALUES ('124', 'KHYD114', 'd45c0161-5', '1.000', '1', '1', '2018-01-30 15:01:59', null, '1', null, null, '2018-01-30 15:01:59', '70fa3318-6', '2018-01-30 15:01:59', '70fa3318-6', null, null, null, null, '1e004b3d-6');
INSERT INTO `bs_mailbag` VALUES ('125', 'KHYD115', '9627c4cd-a', '1.000', '1', '1', '2018-01-30 15:18:30', '2018-01-30 15:18:34', '3', '2018-03-10 15:04:56', 'SU00010263', '2018-01-30 15:18:30', 'de35a30c-6', '2018-03-10 15:04:56', 'SU00010263', null, null, null, null, 'b2126bc4-3');
INSERT INTO `bs_mailbag` VALUES ('126', 'KHYD116', '9627c4cd-a', '1.000', '1', '1', '2018-01-30 15:24:15', '2018-01-30 15:24:22', '3', '2018-03-09 09:58:55', '70bb90c4-0', '2018-01-30 15:24:15', 'de35a30c-6', '2018-03-09 09:58:55', '70bb90c4-0', null, null, null, null, 'b2126bc4-3');
INSERT INTO `bs_mailbag` VALUES ('127', 'KHYD117', '50a0a459-6', '0.000', null, '1', '2018-01-30 16:09:03', null, '5', null, null, '2018-01-30 16:09:03', '98609011-5', '2018-01-30 16:09:03', '98609011-5', null, null, null, null, 'c7be5421-0');
INSERT INTO `bs_mailbag` VALUES ('128', 'KHYD118', '50a0a459-6', '2.000', '2', '4', '2018-01-30 16:09:43', '2018-01-30 16:19:38', '4', '2018-01-30 16:19:48', '444e1ae4-b', '2018-01-30 16:09:43', '98609011-5', '2018-01-30 17:40:37', '98609011-5', '2018-01-30 16:20:00', '444e1ae4-b', '2018-01-30 17:40:37', '98609011-5', 'c7be5421-0');
INSERT INTO `bs_mailbag` VALUES ('129', 'KHYD119', 'd45c0161-5', '1.000', '1', '2', '2018-01-30 16:17:16', '2018-01-30 16:17:19', '4', '2018-01-30 16:17:25', '257ebdf7-d', '2018-01-30 16:17:16', '70fa3318-6', '2018-01-30 16:17:19', '70fa3318-6', '2018-01-30 16:17:36', '257ebdf7-d', null, null, '1e004b3d-6');
INSERT INTO `bs_mailbag` VALUES ('130', 'KHYD120', '9627c4cd-a', '1.000', '1', '1', '2018-01-30 16:18:48', '2018-01-30 16:18:52', '2', '2018-03-03 12:58:22', '70bb90c4-0', '2018-01-30 16:18:48', 'de35a30c-6', '2018-03-03 12:58:22', '70bb90c4-0', null, null, '2018-01-30 16:23:31', 'de35a30c-6', 'b2126bc4-3');
INSERT INTO `bs_mailbag` VALUES ('131', 'KHYD121', '50a0a459-6', '0.000', null, '1', '2018-01-30 16:24:58', null, '5', null, null, '2018-01-30 16:24:58', '98609011-5', '2018-01-30 16:25:14', '98609011-5', null, null, '2018-01-30 16:25:14', '98609011-5', 'c7be5421-0');
INSERT INTO `bs_mailbag` VALUES ('132', 'KHYD122', '50a0a459-6', '2.000', '1', '2', '2018-01-30 16:25:53', '2018-01-30 16:25:56', '4', '2018-01-30 16:27:31', '444e1ae4-b', '2018-01-30 16:25:53', '98609011-5', '2018-01-30 16:25:56', '98609011-5', '2018-01-30 16:28:13', '444e1ae4-b', null, null, 'c7be5421-0');
INSERT INTO `bs_mailbag` VALUES ('133', 'KHYD123', '50a0a459-6', '1.000', '1', '2', '2018-01-30 16:27:17', '2018-01-30 16:27:19', '4', '2018-01-30 16:27:31', '444e1ae4-b', '2018-01-30 16:27:17', '98609011-5', '2018-01-30 16:27:19', '98609011-5', '2018-01-30 16:35:03', '444e1ae4-b', null, null, 'c7be5421-0');
INSERT INTO `bs_mailbag` VALUES ('134', 'KHYD124', '9627c4cd-a', '1.000', '1', '1', '2018-01-30 16:41:50', '2018-01-30 16:41:54', '2', null, null, '2018-01-30 16:41:50', 'de35a30c-6', '2018-01-30 16:42:14', 'de35a30c-6', null, null, '2018-01-30 16:42:14', 'de35a30c-6', 'b2126bc4-3');
INSERT INTO `bs_mailbag` VALUES ('135', 'KHYD125', 'd45c0161-5', '1.000', '1', '1', '2018-01-30 16:43:07', '2018-01-30 16:43:11', '3', '2018-01-30 16:43:59', '257ebdf7-d', '2018-01-30 16:43:07', '70fa3318-6', '2018-01-30 16:52:18', '70fa3318-6', null, null, '2018-01-30 16:52:18', '70fa3318-6', '1e004b3d-6');
INSERT INTO `bs_mailbag` VALUES ('136', 'KHYD126', 'd45c0161-5', '1.000', '1', '1', '2018-01-30 16:51:39', '2018-01-30 16:51:45', '3', '2018-01-30 16:51:49', '257ebdf7-d', '2018-01-30 16:51:39', '70fa3318-6', '2018-01-30 16:51:59', '70fa3318-6', null, null, '2018-01-30 16:51:59', '70fa3318-6', '1e004b3d-6');
INSERT INTO `bs_mailbag` VALUES ('137', 'KHYD127', '50a0a459-6', '0.000', '0', '1', '2018-01-30 16:53:51', null, '1', null, null, '2018-01-30 16:53:51', '98609011-5', '2018-01-30 16:54:31', '98609011-5', null, null, '2018-01-30 16:54:20', '98609011-5', 'c7be5421-0');
INSERT INTO `bs_mailbag` VALUES ('138', 'KHYD128', '50a0a459-6', '1.000', '1', '2', '2018-01-30 16:54:38', '2018-01-30 16:54:41', '4', '2018-01-30 16:54:50', '444e1ae4-b', '2018-01-30 16:54:38', '98609011-5', '2018-01-30 16:55:10', '98609011-5', '2018-01-30 16:55:27', '444e1ae4-b', '2018-01-30 16:55:10', '98609011-5', 'c7be5421-0');
INSERT INTO `bs_mailbag` VALUES ('139', 'KHYD129', '28b10e6d-5', '1.000', '1', '1', '2018-01-30 17:03:00', '2018-01-30 17:03:08', '3', '2018-01-30 17:18:17', '70bb90c4-0', '2018-01-30 17:03:00', 'aebfb9f8-8', '2018-01-30 17:18:22', 'aebfb9f8-8', null, null, '2018-01-30 17:18:22', 'aebfb9f8-8', 'b2126bc4-3');
INSERT INTO `bs_mailbag` VALUES ('140', 'KHYD130', '50a0a459-6', '1.000', '1', '2', '2018-01-30 17:18:07', '2018-01-30 17:18:10', '4', '2018-01-30 17:18:22', '444e1ae4-b', '2018-01-30 17:18:07', '98609011-5', '2018-01-30 17:18:10', '98609011-5', '2018-01-30 17:18:42', '444e1ae4-b', null, null, 'c7be5421-0');
INSERT INTO `bs_mailbag` VALUES ('141', 'KHYD131', 'e02a2f71-f', '0.000', '0', '1', '2018-01-30 17:20:19', null, '1', null, null, '2018-01-30 17:20:19', '16da45e4-9', '2018-01-30 17:25:53', '16da45e4-9', null, null, null, null, 'c7be5421-0');
INSERT INTO `bs_mailbag` VALUES ('142', 'KHYD132', '9627c4cd-a', '1.000', '1', '1', '2018-01-30 17:24:57', '2018-01-30 17:25:00', '2', null, null, '2018-01-30 17:24:57', 'de35a30c-6', '2018-01-30 17:25:00', 'de35a30c-6', null, null, null, null, 'b2126bc4-3');
INSERT INTO `bs_mailbag` VALUES ('143', 'KHYD133', 'e02a2f71-f', '1.000', '1', '2', '2018-01-30 17:26:01', '2018-01-30 17:26:03', '4', '2018-01-30 17:26:54', '444e1ae4-b', '2018-01-30 17:26:01', '16da45e4-9', '2018-01-30 17:26:03', '16da45e4-9', '2018-01-30 17:32:42', '444e1ae4-b', null, null, 'c7be5421-0');
INSERT INTO `bs_mailbag` VALUES ('144', 'KHYD134', 'e02a2f71-f', '2.000', '1', '2', '2018-01-30 17:27:25', '2018-01-30 17:27:28', '4', '2018-01-30 17:27:38', '444e1ae4-b', '2018-01-30 17:27:25', '16da45e4-9', '2018-01-30 17:27:28', '16da45e4-9', '2018-01-30 17:32:47', '444e1ae4-b', null, null, 'c7be5421-0');
INSERT INTO `bs_mailbag` VALUES ('145', 'KHYD135', 'e02a2f71-f', '1.000', '1', '1', '2018-01-30 18:10:46', '2018-01-30 18:10:49', '3', '2018-01-30 18:11:12', '444e1ae4-b', '2018-01-30 18:10:46', '16da45e4-9', '2018-01-30 18:10:49', '16da45e4-9', null, null, null, null, 'c7be5421-0');
INSERT INTO `bs_mailbag` VALUES ('146', 'KHYD136', 'e02a2f71-f', '0.000', '0', '1', '2018-01-30 18:12:33', null, '1', null, null, '2018-01-30 18:12:33', '16da45e4-9', '2018-01-30 18:13:31', '16da45e4-9', null, null, null, null, 'c7be5421-0');
INSERT INTO `bs_mailbag` VALUES ('147', 'KHYD137', 'e02a2f71-f', '0.000', null, '1', '2018-01-30 18:13:47', '2018-01-30 18:13:50', '5', null, null, '2018-01-30 18:13:47', '16da45e4-9', '2018-01-30 18:13:50', '16da45e4-9', null, null, null, null, 'c7be5421-0');
INSERT INTO `bs_mailbag` VALUES ('148', 'KHYD138', '50a0a459-6', '1.000', '1', '1', '2018-02-01 16:18:06', '2018-02-01 16:18:19', '3', '2018-02-01 16:18:30', '444e1ae4-b', '2018-02-01 16:18:06', '98609011-5', '2018-02-01 16:18:19', '98609011-5', null, null, null, null, 'c7be5421-0');
INSERT INTO `bs_mailbag` VALUES ('149', 'KHYD139', '50a0a459-6', '111.000', '1', '1', '2018-02-13 14:46:09', '2018-02-13 14:46:22', '3', '2018-02-13 14:46:55', '444e1ae4-b', '2018-02-13 14:46:09', '98609011-5', '2018-02-13 14:46:22', '98609011-5', null, null, null, null, 'c7be5421-0');
INSERT INTO `bs_mailbag` VALUES ('150', 'KHYD140', '9627c4cd-a', '0.020', '1', '1', '2018-03-05 17:43:49', null, '1', null, null, '2018-03-05 17:43:49', 'de35a30c-6', '2018-03-05 17:43:49', 'de35a30c-6', null, null, null, null, 'b2126bc4-3');
INSERT INTO `bs_mailbag` VALUES ('151', 'KHYD141', '4f2b80ec-4', '3.000', '1', '1', '2018-03-07 15:24:16', '2018-03-07 15:24:28', '3', '2018-03-07 17:24:13', 'a71904c0-3', '2018-03-07 15:24:16', 'ec9880f9-2', '2018-03-07 15:24:28', 'ec9880f9-2', null, null, '2018-03-07 15:24:25', 'ec9880f9-2', 'd2104b00-4');
INSERT INTO `bs_mailbag` VALUES ('152', 'KHYD142', '4f2b80ec-4', '0.000', '0', '1', '2018-03-09 10:08:25', null, '1', null, null, '2018-03-09 10:08:25', 'ec9880f9-2', '2018-03-09 10:08:39', 'ec9880f9-2', null, null, null, null, 'd2104b00-4');
INSERT INTO `bs_mailbag` VALUES ('153', 'KHYD143', '4f2b80ec-4', '2.000', '1', '1', '2018-03-09 10:08:47', '2018-03-09 10:08:54', '3', '2018-03-09 10:11:49', 'a71904c0-3', '2018-03-09 10:08:47', 'ec9880f9-2', '2018-03-09 10:08:54', 'ec9880f9-2', null, null, '2018-03-09 10:08:50', 'ec9880f9-2', 'd2104b00-4');
INSERT INTO `bs_mailbag` VALUES ('154', 'KHYD144', '7ed45ff4-2', '1.799', '2', '1', '2018-03-09 10:34:03', null, '1', null, null, '2018-03-09 10:34:03', '7fd91147-6', '2018-03-09 10:34:34', '7fd91147-6', null, null, null, null, '4a813224-f');
INSERT INTO `bs_mailbag` VALUES ('155', 'KHYD145', '4f2b80ec-4', '1.000', '1', '2', '2018-03-09 10:39:02', '2018-03-09 10:39:05', '4', '2018-03-09 10:39:56', 'a71904c0-3', '2018-03-09 10:39:02', 'ec9880f9-2', '2018-03-09 10:39:56', 'a71904c0-3', '2018-03-09 10:41:05', 'a71904c0-3', null, null, 'd2104b00-4');
INSERT INTO `bs_mailbag` VALUES ('156', 'KHYD146', '7ed45ff4-2', '0.560', '1', '1', '2018-03-09 10:43:25', '2018-03-09 10:43:28', '2', null, null, '2018-03-09 10:43:25', '7fd91147-6', '2018-03-09 10:43:28', '7fd91147-6', null, null, null, null, '4a813224-f');
INSERT INTO `bs_mailbag` VALUES ('157', 'KHYD147', '4f2b80ec-4', '2.000', '1', '1', '2018-03-09 10:55:32', '2018-03-09 10:55:35', '3', '2018-03-09 10:57:02', 'a71904c0-3', '2018-03-09 10:55:31', 'ec9880f9-2', '2018-03-09 10:57:02', 'a71904c0-3', null, null, null, null, 'd2104b00-4');
INSERT INTO `bs_mailbag` VALUES ('158', 'KHYD148', '4f2b80ec-4', '33.000', '1', '1', '2018-03-09 10:55:53', '2018-03-09 10:55:56', '3', '2018-03-09 10:57:09', 'a71904c0-3', '2018-03-09 10:55:53', 'ec9880f9-2', '2018-03-09 10:57:09', 'a71904c0-3', null, null, null, null, 'd2104b00-4');
INSERT INTO `bs_mailbag` VALUES ('159', 'KHYD149', '4f2b80ec-4', '3.000', '1', '1', '2018-03-09 10:56:08', '2018-03-09 10:56:11', '3', '2018-03-09 10:57:15', 'a71904c0-3', '2018-03-09 10:56:08', 'ec9880f9-2', '2018-03-09 10:57:15', 'a71904c0-3', null, null, null, null, 'd2104b00-4');
INSERT INTO `bs_mailbag` VALUES ('160', 'KHYD150', '4f2b80ec-4', '3.000', '1', '1', '2018-03-09 10:56:28', '2018-03-09 10:56:31', '3', '2018-03-09 10:57:20', 'a71904c0-3', '2018-03-09 10:56:28', 'ec9880f9-2', '2018-03-09 10:57:20', 'a71904c0-3', null, null, null, null, 'd2104b00-4');
INSERT INTO `bs_mailbag` VALUES ('161', 'KHYD151', 'a032f452-7', '1.233', '1', '2', '2018-03-09 15:17:13', '2018-03-09 15:17:16', '4', '2018-03-09 15:23:03', 'd36fcf01-4', '2018-03-09 15:17:13', 'cb9e433f-3', '2018-03-09 15:23:03', 'd36fcf01-4', '2018-03-09 15:27:00', 'd36fcf01-4', null, null, 'eb8ce6f4-2');
INSERT INTO `bs_mailbag` VALUES ('162', 'KHYD152', 'a032f452-7', '1.480', '2', '1', '2018-03-09 15:18:02', '2018-03-09 15:18:33', '2', null, null, '2018-03-09 15:18:02', 'cb9e433f-3', '2018-03-09 15:18:33', 'cb9e433f-3', null, null, null, null, 'eb8ce6f4-2');
INSERT INTO `bs_mailbag` VALUES ('163', 'KHYD153', 'a032f452-7', '2.000', '1', '1', '2018-03-09 15:21:22', null, '1', null, null, '2018-03-09 15:21:22', 'cb9e433f-3', '2018-03-09 15:21:22', 'cb9e433f-3', null, null, null, null, 'eb8ce6f4-2');
INSERT INTO `bs_mailbag` VALUES ('164', 'KHYD154', '9627c4cd-a', '1.000', '1', '1', '2018-03-10 14:33:19', null, '1', null, null, '2018-03-10 14:33:19', 'de35a30c-6', '2018-03-10 14:33:19', 'de35a30c-6', null, null, null, null, 'b2126bc4-3');
INSERT INTO `bs_mailbag` VALUES ('165', 'KHYD155', '50a0a459-6', '0.000', '0', '1', '2018-05-03 17:16:46', '2018-05-03 17:16:57', '2', null, null, '2018-05-03 17:16:46', '98609011-5', '2018-05-03 17:17:09', '98609011-5', null, null, '2018-05-03 17:16:54', '98609011-5', 'c7be5421-0');
INSERT INTO `bs_mailbag` VALUES ('166', 'KHYD156', '50a0a459-6', '0.000', '0', '1', '2018-05-03 17:19:24', null, '1', null, null, '2018-05-03 17:19:24', '98609011-5', '2018-05-03 17:19:36', '98609011-5', null, null, null, null, 'c7be5421-0');
INSERT INTO `bs_mailbag` VALUES ('167', 'KHYD157', '50a0a459-6', '2.000', '1', '2', '2018-05-03 17:19:41', '2018-05-03 17:19:45', '4', '2018-05-03 17:20:08', '444e1ae4-b', '2018-05-03 17:19:41', '98609011-5', '2018-05-03 18:06:43', '98609011-5', '2018-05-03 17:20:32', '444e1ae4-b', '2018-05-03 18:06:43', '98609011-5', 'c7be5421-0');
INSERT INTO `bs_mailbag` VALUES ('168', 'KHYD158', '50a0a459-6', '0.000', '0', '1', '2018-05-03 18:02:26', '2018-05-03 18:02:28', '2', null, null, '2018-05-03 18:02:26', '98609011-5', '2018-05-03 18:08:10', '98609011-5', null, null, null, null, 'c7be5421-0');

-- ----------------------------
-- Table structure for c_company
-- ----------------------------
DROP TABLE IF EXISTS `c_company`;
CREATE TABLE `c_company` (
  `company_id` varchar(10) NOT NULL COMMENT '公司流水号',
  `company_code` varchar(50) NOT NULL COMMENT '公司编码',
  `company_name` varchar(50) DEFAULT NULL COMMENT '公司名称',
  `company_country_code` char(2) DEFAULT NULL COMMENT '公司地址国家',
  `company_state` varchar(500) DEFAULT NULL COMMENT '公司地址省州',
  `company_address` varchar(500) DEFAULT NULL COMMENT '公司详细地址',
  `user_token` text COMMENT '第三方token',
  `developer_token` text COMMENT '开发者token',
  `last_recharge_time` datetime DEFAULT NULL,
  `company_amount` double(12,3) DEFAULT NULL COMMENT '公司账户余额(美元)',
  `product_lable_length` int(11) DEFAULT NULL COMMENT '商品条码长度(mm)',
  `product_lable_height` int(11) DEFAULT NULL COMMENT '商品条码高度(mm)',
  `create_time` datetime DEFAULT NULL COMMENT '创建时间',
  `create_by` varchar(10) DEFAULT NULL COMMENT '创建人',
  `update_time` datetime DEFAULT NULL COMMENT '更新时间',
  `update_by` varchar(10) DEFAULT NULL COMMENT '更新人',
  `freeze_status` char(1) DEFAULT NULL COMMENT '0或null代表未冻结；1代表已冻结',
  `product_sku_scannable` char(1) DEFAULT NULL COMMENT '是否允许扫描产品SKU（1：允许  其他:不允许）',
  `allow_self_replace_flag` char(1) DEFAULT NULL COMMENT '自助换单（1：允许  其他:不允许）',
  `fee_discount_tg` double(8,2) DEFAULT NULL COMMENT '托管处理费折扣',
  `fee_discount_zx` double(8,2) DEFAULT NULL COMMENT '专线处理费折扣',
  `freight_discount` double(8,2) DEFAULT NULL COMMENT '运费折扣',
  `transport_sender_name` varchar(100) DEFAULT NULL COMMENT '头程发件人姓名',
  `transport_sender_address` varchar(500) DEFAULT NULL COMMENT '头程发件人地址',
  `transport_sender_address1` varchar(255) DEFAULT NULL COMMENT '头程发件人地址1',
  `transport_sender_address2` varchar(255) DEFAULT NULL COMMENT '头程发件人地址2',
  `transport_sender_city` varchar(100) DEFAULT NULL COMMENT '头程发件人城市',
  `transport_sender_state` varchar(100) DEFAULT NULL COMMENT '头程发件人省州',
  `transport_sender_country_code` char(2) DEFAULT NULL COMMENT '头程发件人国家代码',
  `transport_sender_post_code` varchar(20) DEFAULT NULL COMMENT '头程发件人邮编',
  `transport_sender_mobile` varchar(100) DEFAULT NULL COMMENT '头程发件人手机',
  `transport_sender_phone` varchar(100) DEFAULT NULL COMMENT '头程发件人联系电话',
  `allow_prediction_pack_flag` char(1) DEFAULT NULL COMMENT '使用预报重量为实称重量(0/null：不允许； 1：允许)',
  `system_out_deliver_flag` varchar(1) DEFAULT NULL COMMENT '是否系统外发货(0/null:不允许;1:允许;2:允许过/曾经允许)',
  `website_logo_kh` varchar(255) DEFAULT NULL COMMENT '客户端网站logo',
  `website_name_kh` varchar(200) DEFAULT NULL COMMENT '客户端网站名',
  `footer_script_kh` text COMMENT '客户端页脚代码',
  `website_logo_yw` varchar(255) DEFAULT NULL COMMENT '运维端网站logo',
  `website_name_yw` varchar(200) DEFAULT NULL COMMENT '运维端网站名',
  `footer_script_yw` text COMMENT '运维端页脚代码',
  `website_logo` varchar(255) DEFAULT NULL COMMENT '客户端网站logo',
  `website_name` varchar(200) DEFAULT NULL COMMENT '客户端网站名',
  `client_url` varchar(255) DEFAULT NULL COMMENT '客户端URL(只需指定代理商)',
  `bussiness_url` varchar(255) DEFAULT NULL COMMENT '运维端URL(只需指定代理商)',
  `company_type` char(1) DEFAULT '0' COMMENT '公司类型（0:自发客户;1:代理商;2:代理商客户）',
  `belong_agent_company_id` varchar(10) DEFAULT NULL COMMENT '归属代理商公司流水号（代理商开发客户存在）',
  `deal_freight` double(8,2) DEFAULT '0.30' COMMENT '处理费（每单）',
  `deal_freight_currency` varchar(3) DEFAULT 'USD' COMMENT '处理费币种',
  `allow_owe_consign_flag` varchar(1) DEFAULT NULL COMMENT '是否允许欠费可以继续交运(0/null：不允许； 1：允许)',
  PRIMARY KEY (`company_id`),
  UNIQUE KEY `company_code_UK` (`company_code`) USING BTREE
) ENGINE=InnoDB DEFAULT CHARSET=utf8 COMMENT='公司信息';

-- ----------------------------
-- Records of c_company
-- ----------------------------
INSERT INTO `c_company` VALUES ('05eff671-7', 'KH10140', 'ZM2017011101', 'AD', '1', '1', '54EAF9E8E0C04331C641C6B08A9E651C65AF63ABB3BD4358843C5800169CC866', 'E0C04331C641C6B08FECEBBB594CD29A', null, null, null, null, '2018-01-11 16:47:41', '1', '2018-01-11 16:49:58', '1', null, null, '0', null, '1.00', '1.00', null, null, null, null, null, null, null, null, null, null, '0', '0', null, null, null, null, null, null, null, null, 'localhost:8080', null, '0', null, '0.30', 'USD', '1');
INSERT INTO `c_company` VALUES ('0716585c-1', 'KH10093', '客户新增', '', '', '', '4D710358865DDF1091D10C0C1B55694A09D1BDD030E844D5997FDA06B0E859E6', '865DDF1091D10C0CADD9C5056771969A', null, null, null, null, '2017-11-23 16:23:50', '1', '2017-11-23 16:23:50', '1', null, null, '0', null, '1.00', '1.00', null, null, null, null, null, null, null, null, null, null, '0', '0', null, null, null, null, null, null, null, null, 'localhost:8080', null, '0', null, '0.37', 'USD', null);
INSERT INTO `c_company` VALUES ('079a7440-4', 'KH10075', '深圳市力得得力技术有限公司', 'AA', '', '', '2B6E5BC2CDB474429BC27066F2FB64AD0A91CB045F034092AD349F034F53BAF0', 'CDB474429BC27066BC5CDEE85558D516', '2017-06-26 15:16:35', null, null, null, '2017-06-26 15:10:17', '1', '2018-03-03 11:49:41', '1', null, null, '0', null, '1.00', '1.00', null, null, null, null, null, null, null, null, null, null, '0', '0', null, null, null, null, null, null, null, null, null, null, '0', null, '0.30', 'USD', '0');
INSERT INTO `c_company` VALUES ('0bbcd5a1-d', 'KH10160', 'mamie129', 'AU', 'lan', 'lan', 'B311C1A24B9A671E48A88718CB9D30D75908A965D96843229FBBBA6E5B50BFD2', '4B9A671E48A88718B5236872E7B12B65', null, '66.873', null, null, '2018-02-22 11:02:31', '1', '2018-02-23 19:22:01', '1', null, null, '0', null, '0.80', '0.90', null, null, null, null, null, null, null, null, null, null, '0', '0', null, null, null, null, null, null, null, null, null, null, '0', null, '0.30', 'USD', '0');
INSERT INTO `c_company` VALUES ('0c0e5932-c', 'KH10106', '深圳市力得得力', 'AA', '', '', '053E915C29FD4DE217627BD679627BCFF2EFC9C95BC74F3396F1BAEF5AB457BB', '29FD4DE217627BD6A4FD5D5D401C8E54', null, null, null, null, '2017-11-24 17:39:46', '1', '2018-01-11 14:45:23', '1', null, null, '0', null, '1.00', '1.00', null, null, null, null, null, null, null, null, null, null, '0', '0', null, null, null, null, null, null, null, null, 'localhost:8080', '192.168.88.245:28080', '1', null, '11.00', 'USD', null);
INSERT INTO `c_company` VALUES ('0c81ac61-4', 'KH10098', '深圳市力得得力', 'AI', '', '', '4CD14311A3AF42295715A1F4D948B2A49E358DCCFE854EDEA66A61761C76D7ED', 'A3AF42295715A1F4B0D15B5904824B8F', '2017-11-28 20:13:24', '11111330.000', null, null, '2017-11-23 17:18:20', '6f1e5ede-a', '2017-12-02 15:38:17', '6f1e5ede-a', '0', null, '0', null, '1.00', '1.00', null, null, null, null, null, null, null, null, null, null, '0', '0', 'sysConfig/1512200224799.jpg', 'PMS客户端', 'PMS客户端', null, null, null, null, null, 'localhost:8080', '192.168.88.245:28080', '2', 'd0ea50c0-0', '0.30', 'USD', null);
INSERT INTO `c_company` VALUES ('0de651ea-3', 'KH10047', '测试0001', 'AE', '深圳', '', '51D3A35428F15C768C770758981E89364EC617C9C24F431DBB3715653803AAB7', '28F15C768C770758B84A41FE07272E25', '2017-05-19 11:47:48', '2202.000', null, null, '2017-05-18 18:03:25', '1', '2017-06-06 14:58:33', '1', '0', '0', '0', '1.00', '1.00', '1.00', null, null, null, null, null, null, null, null, null, null, null, null, null, null, null, null, null, null, null, null, 'localhost:8080', null, '0', null, '0.30', 'USD', null);
INSERT INTO `c_company` VALUES ('0e6875b7-e', 'KH10088', 'ZM0005', '0', '1', '1', '63C5F98739B0E97EE0B306354064AD9393D2541136C041FA963376FD06ED2586', '39B0E97EE0B30635A408669EED461185', null, null, null, null, '2017-11-23 14:53:45', '1', '2017-11-23 14:55:01', '1', null, null, '0', null, '1.00', '1.00', null, null, null, null, null, null, null, null, null, null, '0', '0', null, null, null, null, null, null, null, null, 'localhost:8080', null, '0', null, '0.38', 'USD', null);
INSERT INTO `c_company` VALUES ('0fceabe4-6', 'KH10176', 'lansong129', 'AU', 'lan', 'lan', '097E49BEA788F9AA726D58AFD595C6A70123894F511840D0A0FC95E39E2574C3', 'A788F9AA726D58AF9295C4AD7477EFC6', null, null, null, null, '2018-03-05 15:39:48', '1', '2018-03-05 15:39:48', '1', null, null, '0', null, '0.80', '0.80', null, null, null, null, null, null, null, null, null, null, '0', '0', null, null, null, null, null, null, null, null, '192.168.88.245:18080', '192.168.88.245:28080', '1', null, '0.30', 'USD', '0');
INSERT INTO `c_company` VALUES ('1', 'KH10002', '阿里巴巴技术有限公司', 'CN', '1', 'asd', 'asd', 'asd', '2017-07-03 15:57:56', '0.000', null, null, '2016-06-08 18:55:19', null, '2017-10-20 11:15:36', '1', '1', '0', '1', null, '1.00', '1.00', null, null, null, null, null, null, null, null, null, null, '1', null, null, null, null, null, null, null, null, null, 'localhost:8080', null, '0', null, '0.30', 'USD', null);
INSERT INTO `c_company` VALUES ('103663a5-c', 'KH10073', '力得得力技术有限公司', '', '', '', 'D92C91F89680DB1163A13B3AACB35892D454F148070F4D58A8B954121A83E6EE', '9680DB1163A13B3ABC75BCBA3406E50B', '2017-06-26 15:11:46', null, null, null, '2017-06-26 15:05:57', '1', '2017-09-28 11:05:19', '1', '1', '0', '0', null, '1.00', '1.00', null, null, null, null, null, null, null, null, null, null, null, null, null, null, null, null, null, null, null, null, 'localhost:8080', null, '0', null, '0.30', 'USD', null);
INSERT INTO `c_company` VALUES ('10a603ae-e', 'KH10034', '122222', '', '[Ljava.lang.String;@101bf0fc', '', 'AC39F1F521F2B6D7605298D48F470B0D987DB820C9B4422BB0E4B5E24FED5F10', '21F2B6D7605298D4B8CB604F1303BEB8', null, null, null, null, '2017-05-16 16:00:39', '1', '2017-05-16 16:20:08', '1', '', '0', '0', null, '1.00', '1.00', null, null, null, null, null, null, null, null, null, null, null, null, null, null, null, null, null, null, null, null, 'localhost:8080', null, '0', null, '0.30', 'USD', null);
INSERT INTO `c_company` VALUES ('133799d4-c', 'KH10186', 'mamie135', 'AU', 'lan', 'lan', 'A53E3C2A20E25D9A12270D257C28725EA30EE2F7B82249E6BC4A14A8E5D908FD', '20E25D9A12270D25A98174766609191C', null, null, null, null, '2018-04-09 17:28:53', '1', '2018-06-05 12:10:58', '1', null, null, '0', null, '1.00', '1.00', null, null, null, null, null, null, null, null, null, null, '1', '1', null, null, null, null, null, null, null, null, null, null, '0', null, '0.30', 'USD', '1');
INSERT INTO `c_company` VALUES ('1544c993-f', 'KH10084', 'werwe', '', '', '', 'D070D04C865D49D25BA890BCB7E7508A001D6C48112744FFBEA38BCEF2FD5C67', '865D49D25BA890BC84D9F15283C9899C', null, null, null, null, '2017-11-09 11:49:10', '1', '2017-11-09 11:49:10', '1', null, null, '0', null, '1.00', '1.00', null, null, null, null, null, null, null, null, null, null, '0', '1', null, null, null, null, null, null, null, null, 'localhost:8080', null, '0', null, '0.30', 'USD', null);
INSERT INTO `c_company` VALUES ('1e004b3d-6', 'KH10147', 'lansong123', 'US', 'lan', 'lan', 'D5A2FE7D1A0322C58C007C30327D3C9EA93D8AB8119C498C837DF4E453B2C9C9', '1A0322C58C007C309EC1C293EF83916A', '2018-01-24 10:48:39', '0.000', null, null, '2018-01-12 10:45:27', '1', '2018-05-21 14:51:46', '1', null, null, '0', null, '0.90', '0.80', 'lan', 'guangdong', 'shenzhen', '55hao', 'shenzhen', 'guangdong', 'CN', '520563', '18026365245', '18025632514', '0', '0', null, null, null, null, null, null, null, null, '192.168.88.245:18080', '192.168.88.245:28080', '1', null, '0.43', 'USD', '1');
INSERT INTO `c_company` VALUES ('1f14cbe9-4', 'KH10081', 'qwerty', 'AD', '', '', '29EA32DD81D4B3A2627B75A11391317F101152E1513A45E6991DFCE4E439DBEC', '81D4B3A2627B75A1993D03609276AB00', null, null, null, null, '2017-11-08 14:29:22', '1', '2017-11-08 14:29:22', '1', null, '0', '0', null, '1.00', '1.00', null, null, null, null, null, null, null, null, null, null, '0', null, null, null, null, null, null, null, null, null, 'localhost:8080', null, '0', null, '0.30', 'USD', null);
INSERT INTO `c_company` VALUES ('1f3d8eb5-2', 'KH10062', 'xjx', 'AA', '[Ljava.lang.String;@3e82b9ed', '', 'C8DE4B4439EDE3FF1691EF46C6EFE63486254160FCC94723B190CA5A25F94216', '39EDE3FF1691EF4686E21672889F5132', null, null, null, null, '2017-05-22 16:00:08', '1', '2018-02-06 14:46:59', '3ff39539-a', null, '0', '0', null, '1.00', '1.00', '', '', '', '', '', '', 'CN', '', '', '', null, null, null, null, null, null, null, null, null, null, 'localhost:8080', null, '0', null, '0.30', 'USD', null);
INSERT INTO `c_company` VALUES ('236bb8e8-5', 'KH10079', '测试3', 'CN', '广东省', '龙华新区宝能科技园', '9970B090D4254678CC7E4447E51553412CEB199F8DBB474199F17A51E3B1EFFF', 'D4254678CC7E44479B91277F20015804', '2017-11-18 14:21:36', '0.000', null, null, '2017-11-06 19:00:51', '1', '2017-12-13 14:36:24', '1', null, null, '0', null, '1.00', '1.00', '', '', null, null, '', '', 'CN', '', null, null, '0', '0', null, null, null, null, null, null, null, null, 'localhost:8080', null, '0', null, '0.30', 'USD', null);
INSERT INTO `c_company` VALUES ('27500017-5', 'KH10161', 'mamie130', 'AT', 'lan', 'lan', '5EBC1FE0AB86BA87394BB92C18A4CA70A61591774C654285B280A6866A977D0D', 'AB86BA87394BB92C92083769BBFF6102', null, null, null, null, '2018-02-23 19:48:57', '1', '2018-02-28 16:21:44', '1', null, null, '0', null, '0.90', '0.85', null, null, null, null, null, null, null, null, null, null, '0', '0', null, null, null, null, null, null, null, null, null, null, '0', null, '0.30', 'USD', '0');
INSERT INTO `c_company` VALUES ('28b10e6d-5', 'KH10151', 'zm20180115', '', '', '', '2C009BBF111F327D0DAB13E0E7F46194AE4DB2D5EA574EBA83F73D5E0BA99D77', '111F327D0DAB13E08B2F993BE679AB97', null, null, null, null, '2018-01-15 18:43:23', '70bb90c4-0', '2018-06-23 17:50:44', '70bb90c4-0', null, null, '0', null, '1.00', '1.00', 'zmcs', 'guangdongshenzhen', null, null, 'guangdong', 'guangdong', 'CN', '251210', null, null, '0', '0', 'sysConfig/1513155783152.jpg', 'lansong代理客户', 'ls代理客户', null, null, null, null, null, '192.168.88.245:18080', '192.168.88.245:28080', '2', 'b2126bc4-3', '0.30', 'USD', '1');
INSERT INTO `c_company` VALUES ('2a5eafc4-1', 'KH10172', 'lans127', 'AU', 'lan', 'lan', '805E51A2A1A08723F3CDA38C34B316E802350C48F6024902B0F6991977FB8DB0', 'A1A08723F3CDA38C9D0CD5B43D357DD8', null, null, null, null, '2018-02-28 17:28:29', '46aa0840-f', '2018-03-01 11:17:23', '46aa0840-f', null, null, '0', null, '0.90', '0.90', null, null, null, null, null, null, null, null, null, null, '1', '0', null, null, null, null, null, null, null, null, '192.168.88.245:18080', '192.168.88.245:28080', '2', '372b50b4-b', '0.30', 'USD', '0');
INSERT INTO `c_company` VALUES ('2d3a460e-c', 'KH10057', '测试日日志', 'VC', '[Ljava.lang.String;@1aafe2dd', '11', '2400873319D8659898E1416EB246A8DD1049D097AE5D431BBBA8CDB3ABBA2A35', '19D8659898E1416E91E479A316A8BDD2', null, null, null, null, '2017-05-22 11:49:02', '1', '2017-11-15 10:20:52', '1', null, null, '0', null, '1.00', '1.00', null, null, null, null, null, null, null, null, null, null, '0', '0', null, null, null, null, null, null, null, null, 'localhost:8080', null, '0', null, '0.30', 'USD', null);
INSERT INTO `c_company` VALUES ('2e3df2ba-1', 'KH10086', '324234', 'AD', '打算', '3123123', '631545A9EABE7F25AD05C959F484386BF595C3CEAF914E2E82E6784305536814', 'EABE7F25AD05C959A25B1FE6BAC5111E', null, null, null, null, '2017-11-15 15:30:05', '1', '2018-05-29 11:20:16', '1', '1', null, '0', null, '1.00', '1.00', null, null, null, null, null, null, null, null, null, null, '0', '0', null, null, null, null, null, null, null, null, 'localhost:8080', null, '0', null, '0.30', 'USD', null);
INSERT INTO `c_company` VALUES ('2ea3eadb-4', 'KH10097', '客户新增002', 'AD', '', '', '0913FC109F9A05DD33BE6A091AA0CC06455A2E7463CA41E1961FBE97424AF9B2', '9F9A05DD33BE6A09AEC7095F3CBF88AE', null, null, null, null, '2017-11-23 16:47:09', '1', '2017-11-23 17:07:15', '1', null, null, '1', null, '1.00', '1.00', null, null, null, null, null, null, null, null, null, null, '1', '2', null, null, null, null, null, null, null, null, 'localhost:8080', null, '0', null, '0.56', 'USD', null);
INSERT INTO `c_company` VALUES ('2eaa97b3-2', 'KH10185', 'mamie134', 'AU', 'lan', 'lan', 'DCF51327D364E9E66C9C1BB1C525074560C52850C08D4E21A55F8FDC9C2FD4CE', 'D364E9E66C9C1BB1B5C2113C26740426', null, null, null, null, '2018-04-09 17:00:09', '1', '2018-04-18 15:05:00', '1', null, null, '0', null, '1.00', '1.00', null, null, null, null, null, null, null, null, null, null, '1', '0', null, null, null, null, null, null, null, null, null, null, '0', null, '0.30', 'USD', '1');
INSERT INTO `c_company` VALUES ('3', 'KH0001', '深圳市   力得得力科技有限公司', 'CN', '广东', '龙华新区', 'A31A247298617A3695056335A58066ACABAB7CF8AED343818AEF28CA9EF0F43F', '98617A3695056335A65F3E935B53A1911', '2018-01-26 14:56:44', '32162987.434', '60', '35', null, null, '2018-06-14 17:11:10', '1', null, null, '0', null, '0.70', '0.80', 'chengs1', 'chengs1', null, null, 'chengs1', 'shi1', 'AL', '123131', null, null, '1', '0', null, null, null, null, null, null, null, null, null, null, '0', null, '0.30', 'USD', '0');
INSERT INTO `c_company` VALUES ('3133c9a2-5', 'KH10108', 'leaddeal', '', '', '', 'CA49D9A536029C8C866079C3D660088827CF93B93EE1402ABCBBEA65F53C92C1', '36029C8C866079C3AC6588724C4A084D', null, null, null, null, '2017-11-24 18:20:01', '1', '2017-11-27 09:41:58', '1', '0', null, '0', null, '1.00', '1.00', null, null, null, null, null, null, null, null, null, null, '0', '0', null, null, null, null, null, null, null, null, 'localhost:8080', '192.168.88.245:28080', '1', null, '0.30', 'USD', null);
INSERT INTO `c_company` VALUES ('31fdf0f4-e', 'KH10104', '熊5', 'AA', 'ewqeq', 'wqewqeq', '79E3894BCB5079AA0F2E3FF6FD57227AE85F2A5D33434987826353741DF2C41A', 'CB5079AA0F2E3FF6B0FCFEE7A9400E52', null, null, null, null, '2017-11-24 12:11:50', 'abb18379-e', '2017-12-06 16:55:51', 'abb18379-e', null, null, '1', null, '1.00', '1.00', null, null, null, null, null, null, null, null, null, null, '1', '0', 'sysConfig/1511787594624.png', 'PMS客户端', '', null, null, null, null, null, 'localhost:8080', '192.168.88.245:28080', '2', '788b544e-4', '0.30', 'USD', null);
INSERT INTO `c_company` VALUES ('33a4d4d7-c', 'KH10133', '深圳市力得的力', 'AA', '', '', '354DBAFACD5754C64FD9F0DBBF82C85CFA248824D72A40A1A36CAE10C289734B', 'CD5754C64FD9F0DBA5ECDB724A6968B6', '2017-12-16 15:08:40', '5566.000', null, null, '2017-12-04 09:39:01', '444e1ae4-b', '2018-02-26 18:15:37', '444e1ae4-b', '1', null, '0', null, '1.00', '1.00', null, null, null, null, null, null, null, null, null, null, '0', '0', 'sysConfig/1512100942822.jpg', '金玲物流客户系统', '深圳市力得得力', null, null, null, null, null, '192.168.88.245:18080', '192.168.88.245:28080', '2', 'c7be5421-0', '0.30', 'USD', null);
INSERT INTO `c_company` VALUES ('372b50b4-b', 'KH10169', 'lansong127', 'AT', 'lan', 'lan', '0B6C35BD3073F191EA2ABBD95FAE20AFEC560ED10F574D8D9581C158B9AFEEAD', '3073F191EA2ABBD9BE9CDB41E0070D8E', null, null, null, null, '2018-02-28 17:24:31', '1', '2018-03-01 10:19:37', '1', null, null, '0', null, '0.80', '0.80', null, null, null, null, null, null, null, null, null, null, '0', '0', null, null, null, null, null, null, null, null, '192.168.88.245:18080', '192.168.88.245:28080', '1', null, '0.30', 'USD', '0');
INSERT INTO `c_company` VALUES ('3a82c026-7', 'KH10031', 'leaddeal', 'CN', '广东省', '深圳市', '43559BE6ACF4983DCFA845064E61873A69B22F5931AA4984BE8248DDC297C238', 'ACF4983DCFA845068EBE8F4EA5C347E7', '2017-06-08 10:38:24', '111.313', null, null, '2017-05-16 15:16:46', '1', '2018-01-18 10:47:26', '1', null, null, '0', null, '1.00', '1.00', null, null, null, null, null, null, null, null, null, null, '1', '0', null, null, null, null, null, null, null, null, 'localhost:8080', null, '0', null, '0.30', 'USD', '1');
INSERT INTO `c_company` VALUES ('3aaf5d04-6', 'KH10021', '312', 'AD', '广东', 'dd', null, null, '2017-06-13 14:48:52', '410.000', null, null, '2016-12-03 13:46:41', '1', '2017-06-13 14:48:52', '1', '', '0', '1', '1.00', '1.00', '1.00', null, null, null, null, null, null, null, null, null, null, null, null, null, null, null, null, null, null, null, null, 'localhost:8080', null, '0', null, '0.30', 'USD', null);
INSERT INTO `c_company` VALUES ('3dc49b65-8', 'KH10042', '得力出奇迹', 'CN', '[Ljava.lang.String;@454f1302', '小黄乡鸭鸭村233号', '42E81D6C44C48F0DA1A78CF822FF36B517D1E905FAAD43E0A1683D732E3701CC', '44C48F0DA1A78CF8A15CAB48D755271C', null, null, null, null, '2017-05-18 17:49:49', '1', '2017-10-18 11:58:28', '1', '0', '0', '0', null, '1.00', '1.00', null, null, null, null, null, null, null, null, null, null, '0', null, null, null, null, null, null, null, null, null, 'localhost:8080', null, '0', null, '0.30', 'USD', null);
INSERT INTO `c_company` VALUES ('4', 'KH0004', '顺友物流有限公司', 'CN', '广东', '深圳', 'asd', 'asd', '2017-11-21 14:48:00', '54.000', null, null, '2016-06-08 18:55:19', null, '2017-11-21 14:48:00', '1', '1', '0', '1', '1.00', '1.00', '1.00', null, null, null, null, null, null, null, null, null, null, null, null, null, null, null, null, null, null, null, null, 'localhost:8080', null, '0', null, '0.30', 'USD', null);
INSERT INTO `c_company` VALUES ('471ea06c-6', 'KH10029', 'ls-ceshi', '', '[Ljava.lang.String;@f0f3060', '', '1EB8284152F1E2940EA658E71AEBA9AD3381102C33D3480BB03A4C6CBCD259F6', '52F1E2940EA658E7BB32F99C187B6C7D', '2017-11-03 15:21:06', '1066.000', null, null, '2017-05-12 10:39:56', '1', '2017-11-03 15:21:06', '1', '', '0', '0', '1.00', '1.00', '1.00', null, null, null, null, null, null, null, null, null, null, null, null, null, null, null, null, null, null, null, null, 'localhost:8080', null, '0', null, '0.30', 'USD', null);
INSERT INTO `c_company` VALUES ('4738a45a-b', 'KH10103', '熊4', 'AA', 'qewq', 'qweqwe', '8EBFB7285C44F85606758320351282481BEEABAC764146D3A81018959EE71C5A', '5C44F856067583209287A6648BB2C11D', null, null, null, null, '2017-11-24 12:08:27', 'abb18379-e', '2017-12-06 16:55:51', 'abb18379-e', null, null, '1', null, '1.00', '1.00', null, null, null, null, null, null, null, null, null, null, '1', '0', 'sysConfig/1511787594624.png', 'PMS客户端', '', null, null, null, null, null, 'localhost:8080', '192.168.88.245:28080', '2', '788b544e-4', '0.30', 'USD', null);
INSERT INTO `c_company` VALUES ('4a813224-f', 'KH10171', 'lansong1271', 'AT', 'lan', 'lan', 'CAC53C83BE4AB5FA1FD2722C5116B528DC7CB80E1E3A4F58957F52C09EE3B23B', 'BE4AB5FA1FD2722CA72F9E772D0189AB', null, null, null, null, '2018-02-28 17:26:24', '1', '2018-05-09 16:43:09', '1', null, null, '0', null, '0.80', '0.80', 'lansong', 'qinghuku33', 'ceshi1', '', 'shenzhen', 'guangdong', 'CN', '518107', '18028693442', '18028693442', '0', '0', null, null, null, null, null, null, null, null, '192.168.88.245:18080', '192.168.88.245:28080', '1', null, '0.30', 'USD', '1');
INSERT INTO `c_company` VALUES ('4d233170-a', 'KH10069', '444', 'AD', '[Ljava.lang.String;@1b32f808', '', '8CD65169503BFC77663359E60DA5F96DE5C3081C476B44F8AC50D9FF214D9005', '503BFC77663359E69FF3E3F0424D4FCA', null, null, null, null, '2017-06-06 14:49:19', '1', '2017-08-03 17:48:39', '1', '0', '0', '0', null, '1.00', '1.00', null, null, null, null, null, null, null, null, null, null, null, null, null, null, null, null, null, null, null, null, 'localhost:8080', null, '0', null, '0.30', 'USD', null);
INSERT INTO `c_company` VALUES ('4f2b80ec-4', 'KH10175', '?()得:<得>力（技术）*公【】司', 'AA', '', '', '9015C169F2C31339F9DE745295FD82FFA482D5BFD7464DBFBD6BFA5C19675B2D', 'F2C31339F9DE745292E9C5D3D8B8C1C8', null, null, null, null, '2018-03-05 09:52:29', 'a71904c0-3', '2018-07-19 10:49:23', 'a71904c0-3', null, null, '0', null, '1.00', '1.00', null, null, null, null, null, null, null, null, null, null, '1', '0', 'sysConfig/1520213180379.jpg', '金玲PMS代理客户端', '', null, null, null, null, null, '192.168.88.245:18080', '192.168.88.245:28080', '2', 'd2104b00-4', '0.30', 'USD', '1');
INSERT INTO `c_company` VALUES ('50a0a459-6', 'KH10127', '深圳市力得的力技术有限公司', 'AD', '', '', 'AD5D01425C6BD1F9A8EF96EE6C655064F4788C42F4C24D63829BCEE7724CE243', '5C6BD1F9A8EF96EEAC4160590655A370', '2017-12-16 11:11:45', '490.830', null, null, '2017-11-29 17:55:50', '444e1ae4-b', '2018-06-08 16:48:13', '444e1ae4-b', '0', null, '0', null, '1.00', '1.00', 'jinling', 'shenzhen longhua  road', 'shenzhen longhua  road', 'shenzhen longhua  road', 'long', 'long', 'CN', '518000', '12315624524', '15221212121', '0', '0', 'sysConfig/1512100942822.jpg', '金玲物流客户系统', '深圳市力得得力', null, null, null, null, null, '192.168.88.245:18080', '192.168.88.245:28080', '2', 'c7be5421-0', '11.20', 'USD', '1');
INSERT INTO `c_company` VALUES ('50caf24f-b', 'KH10063', '44', '', '[Ljava.lang.String;@1ce51e07', '', '5FD9C3E92FA456F5729403A5A1CF81B54C0C6657AC1F4863A52D9233E5B9FE88', '2FA456F5729403A58C498399AD5B17B5', null, null, null, null, '2017-05-22 16:05:16', '1', '2017-05-22 16:05:16', '1', null, '0', '0', null, '0.60', '1.00', null, null, null, null, null, null, null, null, null, null, null, null, null, null, null, null, null, null, null, null, 'localhost:8080', null, '0', null, '0.30', 'USD', null);
INSERT INTO `c_company` VALUES ('5653c502-f', 'KH10189', '测试账号', '', '', '', 'B2D26FCFA906D5DCE1579537594BAB5204BBCCD21DB5422FB16013C113E2139C', 'A906D5DCE1579537831774E737E2B8BD', null, null, null, null, '2018-06-04 11:55:59', '1', '2018-06-06 16:39:35', '1', null, null, '0', null, '1.00', '1.00', null, null, null, null, null, null, null, null, null, null, '0', '0', null, null, null, null, null, null, null, null, null, null, '0', null, '0.30', 'USD', '0');
INSERT INTO `c_company` VALUES ('59939a97-9', 'KH10050', '111', 'AD', '[Ljava.lang.String;@5a544bf0', '1', '2E715EF3076FA1D1A13C18731EAF66886F9A8365475640A3B47EA779A7BE5D5F', '076FA1D1A13C1873B0EB81EBFE650CA4', null, null, null, null, '2017-05-18 18:50:04', '1', '2017-08-03 17:48:34', '1', '0', '0', '0', '1.00', '1.00', '1.00', null, null, null, null, null, null, null, null, null, null, null, null, null, null, null, null, null, null, null, null, 'localhost:8080', null, '0', null, '0.30', 'USD', null);
INSERT INTO `c_company` VALUES ('62252378-9', 'KH10143', 'zmzmdls1', 'AA', '', '', 'EB01EF357D064272840F98754D0A54E0D32783950DE94830AB6577CF1DF67A7B', '7D064272840F9875AD1F7BA3B8CC8E01', null, null, null, null, '2018-01-12 10:15:57', '6f1e5ede-a', '2018-01-12 10:15:57', '6f1e5ede-a', null, null, '0', null, '1.00', '1.00', null, null, null, null, null, null, null, null, null, null, '0', '0', 'sysConfig/1512200224799.jpg', 'PMS客户端', 'PMS客户端', null, null, null, null, null, 'localhost:8080', '192.168.88.245:28080', '2', 'd0ea50c0-0', '0.30', 'USD', '1');
INSERT INTO `c_company` VALUES ('6321f7c6-6', 'KH10107', '深圳市力得得力', 'AA', '', '', '0FB5AB029FE06AA5FBB023DE990F35DBB0F9BC2B74FA43D49BA701137EFF3C69', '9FE06AA5FBB023DEB2904A89B53C5A44', null, null, null, null, '2017-11-24 17:42:44', '1', '2017-11-27 15:05:37', '1', null, null, '0', null, '1.00', '1.00', null, null, null, null, null, null, null, null, null, null, '0', '0', null, null, null, null, null, null, null, null, 'localhost:8080', 'localhost:8080', '1', null, '0.30', 'USD', null);
INSERT INTO `c_company` VALUES ('648c99fc-8', 'KH10123', '测试01', 'AA', 'ewq', 'ewqeq', '0606C5FC90B078CF8BB216149E67183D813F6B5A99AF416089FC1833AFBB3E1B', '90B078CF8BB21614B0860FF5565FAAB9', null, null, null, null, '2017-11-28 20:58:25', '6f1e5ede-a', '2017-12-02 15:38:17', '6f1e5ede-a', null, null, '0', null, '1.00', '1.00', null, null, null, null, null, null, null, null, null, null, '0', '0', 'sysConfig/1512200224799.jpg', 'PMS客户端', 'PMS客户端', null, null, null, null, null, 'localhost:8080', '192.168.88.245:28080', '2', 'd0ea50c0-0', '0.30', 'USD', null);
INSERT INTO `c_company` VALUES ('64f3bf94-5', 'KH10099', '好运来公司', 'CN', '广东', '深圳清湖', '1882871231B1FC6E74616135939B519A82252373307149AF84E8CF7155EA669B', '31B1FC6E746161358212C8D3BD4AD42D', '2018-01-18 14:50:36', '0.000', null, null, '2017-11-23 17:48:57', '6f1e5ede-a', '2018-01-18 14:50:36', '6f1e5ede-a', null, null, '0', null, '1.00', '1.00', null, null, null, null, null, null, null, null, null, null, '0', '0', 'sysConfig/1512200224799.jpg', 'PMS客户端', 'PMS客户端', null, null, null, null, null, 'localhost:8080', '192.168.88.245:28080', '2', 'd0ea50c0-0', '0.60', 'USD', null);
INSERT INTO `c_company` VALUES ('65fbd04c-a', 'KH10182', 'lans131-2', 'AU', 'lan', 'lan', 'E866B3A95A1D542D3F76084AE7D9C46F5F7F0A2233C047DF98CC22698C72F2FB', '5A1D542D3F76084ABB7295BE85E5ABBC', null, null, null, null, '2018-03-07 17:26:59', '7a526e43-8', '2018-03-07 17:27:58', '7a526e43-8', null, null, '0', null, '0.70', '0.80', null, null, null, null, null, null, null, null, null, null, '0', '0', null, null, null, null, null, null, null, null, 'localhost:8080', 'localhost:8080', '2', '84863084-7', '0.30', 'USD', '1');
INSERT INTO `c_company` VALUES ('69d5d940-4', 'KH10087', '力得代理商深圳分部', 'CN', '广东省', '宝能科技园', '3500F656023C420F77A961AFCC12229EB61F2EE3B7A54640AED75B92F2D4A983', '023C420F77A961AF85493BC4579A4E3F', null, null, null, null, '2017-11-15 18:09:00', '1', '2017-11-15 18:09:00', '1', null, null, '0', null, '1.00', '1.00', null, null, null, null, null, null, null, null, null, null, '0', '0', null, null, null, null, null, null, null, null, 'localhost:8080', null, '0', null, '0.30', 'USD', null);
INSERT INTO `c_company` VALUES ('6d886678-5', 'KH10072', '深圳市力得得力', 'AA', '', '', 'AE5390B8729D4ABDCBA31277ED987C08FD3C199A39AD4A7291138918D84B2CD0', '729D4ABDCBA31277B08CE86241500171', '2017-06-16 12:03:35', null, null, null, '2017-06-16 12:02:03', '1', '2017-10-17 16:17:43', '1', null, '0', '0', null, '1.00', '1.00', null, null, null, null, null, null, null, null, null, null, '1', null, null, null, null, null, null, null, null, null, 'localhost:8080', null, '0', null, '0.30', 'USD', null);
INSERT INTO `c_company` VALUES ('6f1a02f9-c', 'KH10165', 'lansong126', 'AU', 'lan', 'lan', '2986EBBA8370C7FF0113A6829B8F4266066F4DFA61B94333A70BEF6AC3C4EA7F', '8370C7FF0113A682ACA51A3AD091C4CB', null, null, null, null, '2018-02-27 10:37:23', '1', '2018-02-27 10:51:24', '1', null, null, '0', null, '0.90', '0.90', null, null, null, null, null, null, null, null, null, null, '0', '0', null, null, null, null, null, null, null, null, '192.168.88.245:18080', '192.168.88.245:28080', '1', null, '0.30', 'USD', '1');
INSERT INTO `c_company` VALUES ('788b544e-4', 'KH10043', 'xjxj', 'AD', '[Ljava.lang.String;@1b2791fe', '是是是', '64A1141C8CF3F6A1A57ED8F01B051FB22A9E6E81C9EC48B9AB3A50A2CA093A60', '8CF3F6A1A57ED8F0A5D7252348878F35', null, null, null, null, '2017-05-18 17:59:35', '1', '2018-01-11 14:45:38', '1', null, null, '0', null, '1.00', '1.00', null, null, null, null, null, null, null, null, null, null, '0', '0', 'sysConfig/1511787594624.png', 'PMS客户端', '', 'sysConfig/1511787628818.jpg', 'PMS运维端gggg', 'dddddsdfsfsdfdsfdfdfddfd', null, null, 'localhost:8080', '192.168.88.245:28080', '1', null, '0.30', 'USD', null);
INSERT INTO `c_company` VALUES ('799cf6c3-2', 'KH10157', 'mamie126', 'AU', 'lan', 'lan', 'C980947FD0825E1F40BD757B215E44013A74BC5418D64ED7AF00636AEA02041F', 'D0825E1F40BD757B98250F98EDE89DA1', null, null, null, null, '2018-01-22 10:00:33', '1', '2018-06-07 14:16:52', '1', null, null, '0', null, '1.00', '1.00', null, null, null, null, null, null, null, null, null, null, '1', '0', null, null, null, null, null, null, null, null, null, null, '0', null, '0.33', 'USD', '0');
INSERT INTO `c_company` VALUES ('7a6e699e-7', 'KH10055', '微小 食品公司', 'CN', '[Ljava.lang.String;@64b47fff', '深圳', 'F5885B6D68FCB8FDB68CCA654D0BA2BA87FB3C954EA1407FB7A9E8698BEC07F6', '68FCB8FDB68CCA6589E65D8A714A661C', '2017-11-06 14:12:59', '1442.000', null, null, '2017-05-20 15:42:37', '1', '2018-02-28 18:53:48', '1', null, null, '0', null, '1.00', '1.00', null, null, null, null, null, null, null, null, null, null, '1', '1', null, null, null, null, null, null, null, null, null, null, '0', null, '0.30', 'USD', '0');
INSERT INTO `c_company` VALUES ('7ed45ff4-2', 'KH10173', 'lans128', 'AU', 'lan', 'lan', '206D6F5CF75C0921BB712361ED8CDEB4890707F78ED9406B88479EFC8F42E8BF', 'F75C0921BB7123619DDCA9C77B7D6E6B', null, null, null, null, '2018-02-28 17:31:01', 'dabe55a7-e', '2018-03-21 16:59:13', 'dabe55a7-e', null, null, '0', null, '0.90', '0.90', null, null, null, null, null, null, null, null, null, null, '1', '0', null, null, null, null, null, null, null, null, '192.168.88.245:18080', '192.168.88.245:28080', '2', '4a813224-f', '0.30', 'USD', '1');
INSERT INTO `c_company` VALUES ('7f2760a3-0', 'KH10177', 'lansong130', 'AU', 'lan', 'lan', '556B60027A4EB991B22FEA406B1F2A9EC6F399A8102746D1B79AE3C4778EE2BF', '7A4EB991B22FEA40A9AB3CC8CD5CCEB5', null, null, null, null, '2018-03-07 11:14:31', '1', '2018-03-07 11:21:58', '1', null, null, '0', null, '0.90', '0.90', null, null, null, null, null, null, null, null, null, null, '0', '0', null, null, null, null, null, null, null, null, '192.168.88.245:18080', '192.168.88.245:28080', '1', null, '0.30', 'USD', '1');
INSERT INTO `c_company` VALUES ('80db72d3-e', 'KH10179', 'leaddeal', 'AU', 'lan', 'lan', 'C815B91A2BB62FF48D3E43415B2F2FCBD674608D265540DEAC3B08616F8C25BA', '2BB62FF48D3E43418089DEB2F6F34B88', null, null, null, null, '2018-03-07 16:13:02', '1', '2018-06-06 16:18:49', '1', null, null, '0', null, '0.90', '0.90', null, null, null, null, null, null, null, null, null, null, '0', '0', null, null, null, null, null, null, null, null, null, null, '0', null, '0.30', 'USD', '1');
INSERT INTO `c_company` VALUES ('84863084-7', 'KH10180', 'z_m()（）【】{}[]*:|', 'AU', 'lan', 'lan', 'AA18FAF13CBB6A76B8097B1C4218E7EB75AC507A10EC4119AD11E769653BD522', '3CBB6A76B8097B1CBB47CD9891022E83', null, null, null, null, '2018-03-07 16:56:42', '1', '2018-07-13 14:02:23', '1', null, null, '0', null, '0.95', '0.95', '', '', '', '', '', '', 'CN', '', '', '', '0', '0', null, null, null, null, null, null, null, null, 'localhost:8080', 'localhost:8080', '1', null, '0.30', 'USD', '1');
INSERT INTO `c_company` VALUES ('8566868a-b', 'KH10146', 'zmdlsdls', '', '', '', '7E257775EB76D95D946CA82AF0E22FBE12F173B88692455B8DCD883FC55279F3', 'EB76D95D946CA82A839BB72C39F4F804', null, null, null, null, '2018-01-12 10:21:55', '6f1e5ede-a', '2018-01-12 10:21:55', '6f1e5ede-a', null, null, '0', null, '1.00', '1.00', null, null, null, null, null, null, null, null, null, null, '0', '0', 'sysConfig/1512200224799.jpg', 'PMS客户端', 'PMS客户端', null, null, null, null, null, 'localhost:8080', '192.168.88.245:28080', '2', 'd0ea50c0-0', '0.30', 'USD', '0');
INSERT INTO `c_company` VALUES ('864756a9-b', 'KH10118', '力得得力', '', '', '', '4AB9AF774F53CCF7A174AE34FDF8A58FFE6189B501EF4DF6834CCDA8A333B9F8', '4F53CCF7A174AE3499D2F32BA1E54181', null, null, null, null, '2017-11-27 16:38:14', '66c6de7e-0', '2017-11-27 16:38:14', '66c6de7e-0', null, null, '0', null, '1.00', '1.00', null, null, null, null, null, null, null, null, null, null, '0', '0', null, null, null, null, null, null, null, null, 'localhost:8080', null, '2', 'f9b9da5e-6', '0.30', 'USD', null);
INSERT INTO `c_company` VALUES ('8649dbd7-d', 'KH10131', '李德得力', 'BE', '', '', '14208DD7A97E667ACDC0FB0C292EC78A27E6CBE6132A43A3B26D252BEB566AAB', 'A97E667ACDC0FB0C95B8F6F2B5097C01', null, null, null, null, '2017-12-01 15:05:28', '1', '2017-12-01 15:06:31', '1', '1', null, '0', null, '1.00', '1.00', null, null, null, null, null, null, null, null, null, null, '0', '0', null, null, null, null, null, null, null, null, 'localhost:8080', 'http://192.168.88.245:18080/', '1', null, '0.30', 'USD', null);
INSERT INTO `c_company` VALUES ('8c6bef3a-1', 'KH10187', 'mamie136', 'US', 'lan', 'lan', 'B0894CA88C9ED8DE84B3156AC5ABB22617AEE75575F440339644E1DE4B263542', '8C9ED8DE84B3156A9AF5BDF32BCB16E3', null, null, null, null, '2018-05-09 14:21:33', '1', '2018-08-03 10:54:55', '1', null, null, '0', null, '1.00', '1.00', null, null, null, null, null, null, null, null, null, null, '0', '0', null, null, null, null, null, null, null, null, null, null, '0', null, '0.30', 'USD', '1');
INSERT INTO `c_company` VALUES ('8fe5b7e3-3', 'KH10178', 'lans130', 'AU', 'lan', 'lan', '52984B916ACC903491EBC2DBE20F63A6174ABE470C6742B6A024CA62C4F3E9F3', '6ACC903491EBC2DB9EA0CB7DF8C8F956', null, null, null, null, '2018-03-07 11:16:40', 'c0fe3126-0', '2018-03-07 11:16:40', 'c0fe3126-0', null, null, '0', null, '0.90', '0.90', null, null, null, null, null, null, null, null, null, null, '0', '0', null, null, null, null, null, null, null, null, '192.168.88.245:18080', '192.168.88.245:28080', '2', '7f2760a3-0', '0.30', 'USD', '1');
INSERT INTO `c_company` VALUES ('94112c50-3', 'KH10077', '深圳市力得得力技术有限公司', '', '', '', '7C5FF5DB72595BD3842D71B9A1D8FD3241F52CE4DCE34DC28DA9B9EC6E0BFB18', '72595BD3842D71B9B4F882CFDF9B21FE', null, null, null, null, '2017-09-28 11:07:04', '1', '2018-06-04 15:27:14', '1', null, null, '0', null, '1.00', '1.00', null, null, null, null, null, null, null, null, null, null, '0', '0', null, null, null, null, null, null, null, null, null, null, '0', null, '0.30', 'USD', '0');
INSERT INTO `c_company` VALUES ('9481cf73-9', 'KH10112', '深圳市力得得力技术有限公司', '', '', '', 'B3F90A57FBA1923ACEAC437504784B70DA24D098E5214574AE850C22E8FF398A', 'FBA1923ACEAC4375B36DCC0B9D03DB28', '2017-11-27 15:13:49', '1000.000', null, null, '2017-11-27 15:13:15', 'b084da59-4', '2017-11-27 16:28:51', 'b084da59-4', null, null, '1', null, '1.00', '1.00', null, null, null, null, null, null, null, null, null, null, '0', '0', null, null, null, null, null, null, null, null, 'localhost:8080', '192.168.88.245:28080', '2', '957740ba-b', '0.30', 'USD', null);
INSERT INTO `c_company` VALUES ('94a0b997-e', 'KH10080', '力得得力', '', '', '', '444A04A172145D29F2C3E06A30770F57F70B6619452440F187D9D95B6A5964D9', '72145D29F2C3E06AADD30A750EE7C481', null, null, null, null, '2017-11-08 14:03:28', '1', '2017-11-27 15:58:48', '1', null, null, '0', null, '1.00', '1.00', null, null, null, null, null, null, null, null, null, null, '0', '0', null, null, null, null, null, null, null, null, 'localhost:8080', null, '0', null, '0.30', 'USD', null);
INSERT INTO `c_company` VALUES ('95271549-6', 'KH10095', '熊3', 'AA', 'awqqd', 'qwdqwdqwd', '80BF2CFD350C4E5B41EE7FAAD3233A9C93B94F1B63EA4020BA02A6A11F419AA5', '350C4E5B41EE7FAABC03332370F69035', null, null, null, null, '2017-11-23 16:36:56', 'abb18379-e', '2017-12-06 16:55:51', 'abb18379-e', null, null, '0', null, '1.00', '1.00', null, null, null, null, null, null, null, null, null, null, '0', '0', 'sysConfig/1511787594624.png', 'PMS客户端', '', null, null, null, null, null, 'localhost:8080', '192.168.88.245:28080', '2', '788b544e-4', '0.30', 'USD', null);
INSERT INTO `c_company` VALUES ('957740ba-b', 'KH10110', '深圳市力得得力技术有限公司', '', '', '', '18B6A8F2254147B13DC979E6E43041277389010C890C4CEFA8191E16B46674B8', '254147B13DC979E69EE5F06888B450FD', null, null, null, null, '2017-11-27 14:42:39', '1', '2017-12-13 14:24:16', '1', null, null, '0', null, '1.00', '1.00', null, null, null, null, null, null, null, null, null, null, '0', '0', null, null, null, null, null, null, null, null, 'localhost:8080', '192.168.88.245:28080', '1', null, '0.30', 'USD', null);
INSERT INTO `c_company` VALUES ('9627c4cd-a', 'KH10125', 'lansongceshi5', 'AT', 'lans5', 'lans5', 'AD11C9FAD37F9418E011F0A6704B1FAD71F453BAD17147618444017DD84BD7CF', 'D37F9418E011F0A6B855981D0C674124', '2018-01-23 18:00:06', '187876.520', null, null, '2017-11-29 14:23:37', '70bb90c4-0', '2018-07-20 10:01:06', '70bb90c4-0', '0', null, '0', null, '0.90', '0.90', 'lansong', 'shenzhenshilonghuaqu', null, null, 'shenzhen', 'shenzhen', 'CN', '516512', null, null, '0', '0', 'sysConfig/1513155783152.jpg', 'lansong代理客户', 'ls代理客户', null, null, null, null, null, '192.168.88.245:18080', '192.168.88.245:28080', '2', 'b2126bc4-3', '0.30', 'USD', '1');
INSERT INTO `c_company` VALUES ('968fbf07-9', 'KH10056', '1111', '', '[Ljava.lang.String;@37bb523c', '1', 'F1651CC733FF0288790DAD589BE177DE834F0872209348D4B3D4778F1A560A85', '33FF0288790DAD588F3578875CA71D1B', '2017-11-03 15:19:56', '10.000', null, null, '2017-05-22 11:44:46', '1', '2017-11-03 15:19:56', '1', '0', '0', '0', null, '1.00', '1.00', null, null, null, null, null, null, null, null, null, null, '1', null, null, null, null, null, null, null, null, null, 'localhost:8080', null, '0', null, '0.30', 'USD', null);
INSERT INTO `c_company` VALUES ('9824ae78-c', 'KH10027', '测试', '', '[Ljava.lang.String;@4541470c', '', '4146CDEB26072EA29FD191967028B37F215C65D5001349929429E9C28CBB368F', '26072EA29FD19196B79B59CB21EE2EE2', '2017-06-28 17:14:29', '10.000', null, null, '2017-05-04 11:37:12', '1', '2017-11-16 14:49:06', '1', null, null, '0', null, '1.00', '1.00', null, null, null, null, null, null, null, null, null, null, '0', '0', null, null, null, null, null, null, null, null, 'localhost:8080', null, '0', null, '0.30', 'USD', null);
INSERT INTO `c_company` VALUES ('98e18658-1', 'KH10162', 'lansong125', 'AU', 'lan', 'lan', 'C06265EF113030A17187A9ACF963A205EF83284E34C34CE88A579375B39EC347', '113030A17187A9AC83B1100A5CF860FA', null, null, null, null, '2018-02-23 20:09:52', '1', '2018-02-27 14:49:32', '1', null, null, '0', null, '1.00', '1.00', null, null, null, null, null, null, null, null, null, null, '0', '0', null, null, null, null, null, null, null, null, '192.168.88.245:18080', '192.168.88.245:28080', '1', null, '0.30', 'USD', '1');
INSERT INTO `c_company` VALUES ('9d45b1f0-1', 'KH10074', '666', '', '', '', '482ACAAC424EDD1D91BFF0AD46C56191D873F592606C4A5BB665E51EACE5DF93', '424EDD1D91BFF0ADB7DBC8124B7459C7', '2017-06-26 15:12:36', null, null, null, '2017-06-26 15:08:32', '1', '2017-06-26 15:12:36', '1', null, '0', '0', null, '1.00', '1.00', null, null, null, null, null, null, null, null, null, null, null, null, null, null, null, null, null, null, null, null, 'localhost:8080', null, '0', null, '0.30', 'USD', null);
INSERT INTO `c_company` VALUES ('9d5ffffb-0', 'KH10134', '深圳市力得得力技术有限公司', 'AD', '', '', 'CFF2E41D7DE0F878142730320B95A54BABA605FEB04A4819A0654799C50394FA', '7DE0F87814273032BF93299AE4D9CB77', null, null, null, null, '2017-12-08 10:30:04', '1', '2017-12-08 10:30:04', '1', null, null, '0', null, '1.00', '1.00', null, null, null, null, null, null, null, null, null, null, '0', '0', null, null, null, null, null, null, null, null, 'localhost:8080', '192.168.88.245:28080', '1', null, '0.30', 'USD', null);
INSERT INTO `c_company` VALUES ('a02c52b8-3', 'KH10113', '力得得力', '', '', '', 'E03B3B57AEA5373BE69AA10D4DFF536A3DE43A61592E47E49D4839730C0AF6EC', 'AEA5373BE69AA10D9DA53A7EF26EAEE2', null, null, null, null, '2017-11-27 15:59:48', '1', '2017-11-27 15:59:48', '1', null, null, '0', null, '1.00', '1.00', null, null, null, null, null, null, null, null, null, null, '0', '0', null, null, null, null, null, null, null, null, 'localhost:8080', null, '0', null, '0.30', 'USD', null);
INSERT INTO `c_company` VALUES ('a032f452-7', 'KH10156', 'lans124', 'AU', 'lan', 'lan', 'E3BF32BBEB30E58D08342A1A7A049961F30959E0DEBB49F3B34A546FACBDF553', 'EB30E58D08342A1A822DB4A22E6C065A', null, null, null, null, '2018-01-19 15:31:53', 'd36fcf01-4', '2018-06-07 18:40:26', 'd36fcf01-4', null, null, '0', null, '1.00', '1.00', null, null, null, null, null, null, null, null, null, null, '1', '0', null, null, null, null, null, null, null, null, '192.168.88.245:18080', '192.168.88.245:28080', '2', 'eb8ce6f4-2', '0.54', 'USD', '1');
INSERT INTO `c_company` VALUES ('a3d404c5-d', 'KH10167', 'mamie131', 'AU', 'lan', 'lan', 'EAE9596CC1F98AF054E56BCEBBCF8E2CF29F5510B3424F28A6A6EF4B10F2968B', 'C1F98AF054E56BCEBF7341ADF0048D10', null, null, null, null, '2018-02-28 17:21:38', '1', '2018-03-01 15:50:15', '1', null, null, '0', null, '0.80', '0.80', null, null, null, null, null, null, null, null, null, null, '1', '0', null, null, null, null, null, null, null, null, null, null, '0', null, '0.30', 'USD', '1');
INSERT INTO `c_company` VALUES ('a3ecdbf9-d', 'KH10076', 'jinling11', 'US', 'Temecula', '26755 Ynez Rd.', '5C06BC89342DD23C6DD0A156F0C52D4761B2A510102C4010ACD83022FAC54A74', '342DD23C6DD0A15690E9027027CDE6D1', '2018-01-16 16:27:13', '0.000', null, null, '2017-07-31 17:54:42', '1', '2018-06-12 15:02:00', '1', null, null, '1', null, '1.00', '1.00', 'jinling', 'adress1', 'adress2', 'adress3', 'shenzhen', 'guangdong', 'CN', '518000', '186516', '1561651', '0', '0', null, null, null, null, null, null, null, null, null, null, '0', null, '111111.00', 'USD', '1');
INSERT INTO `c_company` VALUES ('a7cf73cb-0', 'KH10168', 'mamie132', 'AU', 'lan', 'lan', '9A841181880EDC4EAA836E6D6C8FEBA493233FB32170499B9C6D2B57FC67F0EF', '880EDC4EAA836E6D802D3039B32F22AA', null, null, null, null, '2018-02-28 17:22:42', '1', '2018-03-07 11:01:55', '1', null, null, '0', null, '0.80', '0.80', null, null, null, null, null, null, null, null, null, null, '1', '0', null, null, null, null, null, null, null, null, null, null, '0', null, '0.30', 'USD', '1');
INSERT INTO `c_company` VALUES ('a870ba77-4', 'KH10039', 'leaddeal', 'CN', '[Ljava.lang.String;@3a92bad6', '深圳市', '97ACD02B85B10688DA1377C9EFFF878A165986A5AD604C69A28BB49C7AD34920', '85B10688DA1377C9A33CF70FAF92C8B5', '2017-05-31 15:43:17', '78.500', null, null, '2017-05-17 16:56:40', '1', '2017-05-31 15:43:17', '1', null, '0', '0', '1.00', '1.00', '1.00', null, null, null, null, null, null, null, null, null, null, null, null, null, null, null, null, null, null, null, null, 'localhost:8080', null, '0', null, '0.30', 'USD', null);
INSERT INTO `c_company` VALUES ('af88facb-8', 'KH10141', 'zmdls', 'DO', '', '', '24DE1E858DB30C08002ED9984E6E7DB7BA46B4D7787746AEB19F3376E5AA87D0', '8DB30C08002ED9988D7393438267FF1D', null, null, null, null, '2018-01-12 10:08:01', '6f1e5ede-a', '2018-01-12 10:21:27', '6f1e5ede-a', null, null, '0', null, '1.00', '1.00', null, null, null, null, null, null, null, null, null, null, '0', '0', 'sysConfig/1512200224799.jpg', 'PMS客户端', 'PMS客户端', null, null, null, null, null, 'localhost:8080', '192.168.88.245:28080', '2', 'd0ea50c0-0', '0.30', 'USD', '1');
INSERT INTO `c_company` VALUES ('afbb699d-9', 'KH10020', 'lead', '', '', '', '159AAB28ED7B78D6758A73C90AD20E01C121A845E4E04CE3BC15ADBF054A077A', 'ED7B78D6758A73C9B8F53FAB6E9D6D84', '2017-11-23 14:46:25', '86118780.440', null, null, '2016-12-03 13:38:55', '1', '2018-03-02 16:36:18', '1', '0', null, '1', null, '1.00', '1.00', 'kyle2222', 'duligy   122222222222222222222', null, null, 'ggglllllllllllllllllllllllllll', 'jjllllllllllllllllllllllllllll', 'BJ', '123456', null, null, '0', '0', null, null, null, null, null, null, null, null, null, null, '0', null, '0.30', 'USD', '0');
INSERT INTO `c_company` VALUES ('b2126bc4-3', 'KH10124', 'lansongcs', 'AU', 'lans', 'lans', '41234E17142B4681A785DF129B4102E6C2A4772898914995BE737439E547C06C', '142B4681A785DF129ABE8CB347B74F52', '2018-01-19 16:06:49', '-10.000', null, null, '2017-11-29 14:10:43', '1', '2018-07-20 10:00:53', '1', '0', null, '0', null, '0.60', '0.80', 'lans', 'yutiueon  001', '002', 'test  003', 'shenzhen', 'shenzhen', 'CN', '362501', '18026326541', '18026326541', '0', '0', 'sysConfig/1513155783152.jpg', 'lansong代理客户', 'ls代理客户', 'sysConfig/1513155789373.jpg', 'lansong代理运维', 'ls代理运维', null, null, '192.168.88.245:18080', '192.168.88.245:28080', '1', null, '0.30', 'USD', '1');
INSERT INTO `c_company` VALUES ('b2635521-5', 'KH10060', 'AA', '', '[Ljava.lang.String;@34d97756', '', '01A9646598642DBA1765FF8C4E3AD4B9B7A0F245971D43CEA7349D3A60A03491', '98642DBA1765FF8CA00E2742EECD6B68', null, null, null, null, '2017-05-22 14:58:34', '1', '2017-08-03 17:48:28', '1', '0', '0', '0', null, '1.00', '1.00', null, null, null, null, null, null, null, null, null, null, null, null, null, null, null, null, null, null, null, null, 'localhost:8080', null, '0', null, '0.30', 'USD', null);
INSERT INTO `c_company` VALUES ('b282ea84-4', 'KH10022', '31231', '', '', '', null, null, '2017-06-28 17:14:24', '10.000', null, null, '2016-12-03 13:49:44', '1', '2017-06-28 17:14:24', '1', '', '0', '1', '1.00', '1.00', '1.00', null, null, null, null, null, null, null, null, null, null, null, null, null, null, null, null, null, null, null, null, 'localhost:8080', null, '0', null, '0.30', 'USD', null);
INSERT INTO `c_company` VALUES ('b301c90e-c', 'KH10116', 'leaddeal001', '', '', '', '1A79B5619F04E3FE59EB85A752D3EDF3D9A3CF60E8B64C4491CE5CCFDF8C1724', '9F04E3FE59EB85A7BD989B4246737B23', null, null, null, null, '2017-11-27 16:30:21', 'b084da59-4', '2017-11-27 16:32:32', 'b084da59-4', '1', null, '0', null, '1.00', '1.00', null, null, null, null, null, null, null, null, null, null, '0', '0', null, null, null, null, null, null, null, null, 'localhost:8080', '192.168.88.245:28080', '2', '957740ba-b', '0.30', 'USD', null);
INSERT INTO `c_company` VALUES ('b3655cbf-6', 'KH10046', 'leaddeal655', 'AD', '思思思', '思思思', 'F9A18E5A89871607642E7B734372BBC6CB7E9ED1534845AD98320F2367767E04', '89871607642E7B73B646406277A51D09', null, null, null, null, '2017-05-18 18:03:16', '1', '2017-05-18 18:03:16', '1', null, '0', '0', null, '1.00', '1.00', null, null, null, null, null, null, null, null, null, null, null, null, null, null, null, null, null, null, null, null, 'localhost:8080', null, '0', null, '0.30', 'USD', null);
INSERT INTO `c_company` VALUES ('b761f776-9', 'KH10071', '1515', 'AD', '[Ljava.lang.String;@70e00f8', '', '289D5FE4E965892B5DE5FE0765C35C5C5DDEE72DBEA049A7A33A7681C34E3271', 'E965892B5DE5FE07B7A84377F92FF623', null, null, null, null, '2017-06-06 15:09:20', '1', '2017-10-20 11:11:39', '1', '1', '0', '0', null, '1.00', '1.00', null, null, null, null, null, null, null, null, null, null, null, null, null, null, null, null, null, null, null, null, 'localhost:8080', null, '0', null, '0.30', 'USD', null);
INSERT INTO `c_company` VALUES ('bb4ec817-4', 'KH10159', 'mamie128', 'AU', 'lan', 'lan', '7395AC09E7D87502CE9F4CC36D4363D810AA8E6EAC2F4A149B604F89470442D4', 'E7D87502CE9F4CC3B33D085362798D33', null, null, null, null, '2018-02-09 11:25:15', '1', '2018-02-09 11:32:31', '1', null, null, '0', null, '1.00', '1.00', null, null, null, null, null, null, null, null, null, null, '1', '0', null, null, null, null, null, null, null, null, null, null, '0', null, '0.30', 'USD', '1');
INSERT INTO `c_company` VALUES ('bce76982-a', 'KH10181', 'lans131-1', 'AU', 'lan', 'lan', 'D4368F78214234CA09DA124AF7A767FC20C525DBFF9B44BD86142F585619BBC9', '214234CA09DA124A8E43DDF30BB21636', null, null, null, null, '2018-03-07 17:15:49', '7a526e43-8', '2018-03-07 17:28:07', '7a526e43-8', null, null, '0', null, '0.60', '0.80', null, null, null, null, null, null, null, null, null, null, '0', '0', null, null, null, null, null, null, null, null, 'localhost:8080', 'localhost:8080', '2', '84863084-7', '0.30', 'USD', '1');
INSERT INTO `c_company` VALUES ('bdb4e740-b', 'KH10065', '随时随地', '', '[Ljava.lang.String;@2cbb02ca', '', '12B971F644842AE9DA95B449629F989D01A9244F9E15419D84EDD8F7ABDF75AD', '44842AE9DA95B449BB0C9B41BDA9248C', '2017-05-31 15:28:30', '1.000', null, null, '2017-05-26 15:48:59', '1', '2017-06-06 11:52:33', '1', '1', '0', '0', null, '1.00', '1.00', null, null, null, null, null, null, null, null, null, null, null, null, null, null, null, null, null, null, null, null, 'localhost:8080', null, '0', null, '0.30', 'USD', null);
INSERT INTO `c_company` VALUES ('be93a33c-6', 'KH10100', '小蓝测试', 'AU', 'devotion', '163 drkj rod.', '7D87B4B7FC8FF5D1E07A9B6B4F323CFDD3204662953C4A459338CC7EB4DB7B17', 'FC8FF5D1E07A9B6BAA3F103FBDFACAD1', null, null, null, null, '2017-11-24 10:57:15', '6f1e5ede-a', '2017-12-02 15:38:17', '6f1e5ede-a', null, null, '0', null, '1.00', '1.00', null, null, null, null, null, null, null, null, null, null, '0', '0', 'sysConfig/1512200224799.jpg', 'PMS客户端', 'PMS客户端', null, null, null, null, null, 'localhost:8080', '192.168.88.245:28080', '2', 'd0ea50c0-0', '0.30', 'USD', null);
INSERT INTO `c_company` VALUES ('c0131813-b', 'KH10192', '测试客户', '', '', '', '5CB4757C417E7E52271A30097FEE46DFF7D7086BFD2A4D51A85FB8C2A00589A3', '417E7E52271A30098D171A7062120D6A', null, null, null, null, '2018-06-04 16:28:36', '1', '2018-06-05 16:57:06', '1', null, null, '0', null, '1.00', '1.00', null, null, null, null, null, null, null, null, null, null, '0', '0', null, null, null, null, null, null, null, null, null, null, '0', null, '0.30', 'USD', '0');
INSERT INTO `c_company` VALUES ('c21d62ef-a', 'KH10183', 'lans131-3', 'AU', 'lan', 'lan', '78FC397C33D05B07D76BC36935C5730510EB4479DE2744E8B97F01D3AE453B01', '33D05B07D76BC3699AF0649C2D5CB387', null, null, null, null, '2018-03-07 17:27:39', '7a526e43-8', '2018-03-07 18:01:07', '7a526e43-8', null, null, '0', null, '0.80', '0.80', null, null, null, null, null, null, null, null, null, null, '0', '0', null, null, null, null, null, null, null, null, 'localhost:8080', 'localhost:8080', '2', '84863084-7', '0.30', 'USD', '1');
INSERT INTO `c_company` VALUES ('c7be5421-0', 'KH10126', '金玲深圳市力得得力', 'AD', '', '', '02BA8B8B3974DC8A96F6FAFEA6C32869BC6B76947DD8492381B6846B30D43E0E', '3974DC8A96F6FAFEB358F6B6AC08BE65', '2017-11-30 15:08:11', '20327.800', null, null, '2017-11-29 17:31:15', '1', '2018-06-07 15:01:43', '1', '0', null, '0', null, '1.00', '1.00', 'jinling', 'guangdonglonghua', '222', '32222222', 'guangdong', 'shenzhen', 'CN', '518000', '17766677666', '15221212121', '0', '0', 'sysConfig/1512100942822.jpg', '金玲物流客户系统', '深圳市力得得力', 'sysConfig/1512101001852.jpg', '金玲PMS运维系统', '深圳市力得得力1111', null, null, '192.168.88.245:18080', '192.168.88.245:28080', '1', null, '0.30', 'USD', '1');
INSERT INTO `c_company` VALUES ('cd599dd7-1', 'KH10184', 'mamie666', 'AU', 'lan', 'lan', 'BFCB9CF1261C003255E6A9DFBFA500AB0A3B7F0BD13249FCB20816D2F64A77FA', '261C003255E6A9DFABCE5062D31529B8', null, null, null, null, '2018-04-08 15:36:48', '1', '2018-04-08 15:36:48', '1', null, null, '0', null, '1.00', '1.00', null, null, null, null, null, null, null, null, null, null, '1', '1', null, null, null, null, null, null, null, null, null, null, '0', null, '0.30', 'USD', '1');
INSERT INTO `c_company` VALUES ('ce64a4d5-e', 'KH10067', '深圳市力得得力', 'BG', '[Ljava.lang.String;@257c6fde', '', '887FC05517811E1B3198F978C12BDD49640C5A4164784B8EB3F99B6A3DCDF3D6', '17811E1B3198F97888BBD6D23B018595', null, null, null, null, '2017-06-06 14:33:58', '1', '2017-10-18 11:53:23', '1', null, '0', '0', null, '1.00', '1.00', null, null, null, null, null, null, null, null, null, null, '1', null, null, null, null, null, null, null, null, null, 'localhost:8080', null, '0', null, '0.30', 'USD', null);
INSERT INTO `c_company` VALUES ('ce756a09-f', 'KH10091', '代理商新增', 'AD', '', '', 'AC0B2390B64FBC88A6B985EFC53EEC4AEEFEA7F1AA984D1D866268065D116F25', 'B64FBC88A6B985EFA8D050FC5039FCA1', null, null, null, null, '2017-11-23 16:23:18', '1', '2017-11-29 17:55:38', '1', null, null, '0', null, '1.00', '1.00', null, null, null, null, null, null, null, null, null, null, '0', '0', null, null, null, null, null, null, null, null, 'localhost:8080', 'localhost:8080', '1', null, '0.35', 'USD', null);
INSERT INTO `c_company` VALUES ('d0359be0-8', 'KH10138', 'lansong2', 'AU', 'lan', 'lan', '9FAEF26621A961374E68A8055C8A324005C0909F7DD440EE98AAECDD70AF443D', '21A961374E68A805B3C730F68ED7BAC7', null, null, null, null, '2018-01-10 11:41:29', '1', '2018-01-12 10:43:55', '1', '1', null, '0', null, '1.00', '1.00', null, null, null, null, null, null, null, null, null, null, '0', '0', null, null, null, null, null, null, null, null, 'localhost:8080', '192.168.88.245:28080', '1', null, '0.32', 'USD', null);
INSERT INTO `c_company` VALUES ('d0ea50c0-0', 'KH10068', 'leaddeal007', 'AA', '深圳', '龙华', 'B834FEE181DCDA10A3FC19EBAE662FFE38FEE4BE7A9E46398A72D5066A8CAA20', '81DCDA10A3FC19EBB0D543322F1963B8', '2017-11-29 17:23:24', '52393600.800', null, null, '2017-06-06 14:40:34', '1', '2018-01-19 16:40:44', '1', null, null, '0', null, '1.00', '1.00', 'asdasd', 'asdad', 'drsadrw', 'dqwdq', 'sdsad', 'sasd', 'AF', 'ada', '1651516515615616516', '1561616516161651', '0', '0', 'sysConfig/1512200224799.jpg', 'PMS客户端', 'PMS客户端', 'sysConfig/1511944683042.jpg', 'PMS运维端', 'pms运维端', null, null, 'localhost:8080', '192.168.88.245:28080', '1', null, '0.30', 'USD', '0');
INSERT INTO `c_company` VALUES ('d14fa5ab-8', 'KH10139', 'leaddeal', '', '', '', '9A5FD378F49858F7A7DE12E26AF576651F6AE677258B4C36BE9416911280412E', 'F49858F7A7DE12E288F107945369F55D', null, null, null, null, '2018-01-10 11:51:58', '1', '2018-01-10 11:51:58', '1', null, null, '0', null, '1.00', '1.00', null, null, null, null, null, null, null, null, null, null, '0', '0', null, null, null, null, null, null, null, null, 'localhost:8080', '1', '1', null, '0.30', 'USD', null);
INSERT INTO `c_company` VALUES ('d2104b00-4', 'KH10130', '深圳市力得得力', 'AA', '', '', '1F20420E6159A742E00A046E33E7837FF6074C6939B94C9685366CC7C00AB061', '6159A742E00A046E907B9947DD2B1D5F', null, null, null, null, '2017-11-30 16:25:25', '1', '2018-07-19 10:49:23', 'a71904c0-3', null, null, '0', null, '1.00', '1.00', '', '', '', '', '', '', 'CN', '', '', '', '0', '0', 'sysConfig/1520213180379.jpg', '金玲PMS代理客户端', '', 'sysConfig/1520213187573.jpg', '金玲PMS代理运维端', '', null, null, '192.168.88.245:18080', '192.168.88.245:28080', '1', null, '0.30', 'USD', '1');
INSERT INTO `c_company` VALUES ('d2c3896c-f', 'KH10158', 'mamie127', 'AT', 'lan', 'lan', '5654038CA6877B45E86DD9D750303FD0C74FED45FA034EC4B96BB354E715269A', 'A6877B45E86DD9D7B28D3F2567BC7123', null, null, null, null, '2018-02-08 15:18:08', '1', '2018-03-21 11:46:55', '1', null, null, '0', null, '1.00', '1.00', null, null, null, null, null, null, null, null, null, null, '0', '0', null, null, null, null, null, null, null, null, null, null, '0', null, '0.30', 'USD', '1');
INSERT INTO `c_company` VALUES ('d434ad66-3', 'KH10150', '不欠费', 'AU', 'lan', 'lan', '89A15959D39F93DA9F662FBE9DE0985F76733EF49F2F452BB301BD19689984BD', 'D39F93DA9F662FBE9E74531E151F21C5', '2018-01-23 17:47:22', '0.000', null, null, '2018-01-15 17:38:56', '1', '2018-03-21 20:25:11', '1', null, null, '0', null, '1.00', '1.00', null, null, null, null, null, null, null, null, null, null, '1', '0', null, null, null, null, null, null, null, null, null, null, '0', null, '0.33', 'USD', '1');
INSERT INTO `c_company` VALUES ('d45c0161-5', 'KH10148', 'lans', 'US', 'lan', 'lan', '3F6DB6B3A31E4725FC54F12719EE35A1112E52C7C7B14AD2ACC1808FD92D79AB', 'A31E4725FC54F127B143BE53953D8F67', '2018-01-24 10:07:59', '0.000', null, null, '2018-01-12 11:20:02', '257ebdf7-d', '2018-06-04 14:05:26', '257ebdf7-d', null, null, '0', null, '0.50', '0.90', null, null, null, null, null, null, null, null, null, null, '1', '0', null, null, null, null, null, null, null, null, '192.168.88.245:18080', '192.168.88.245:28080', '2', '1e004b3d-6', '0.55', 'USD', '1');
INSERT INTO `c_company` VALUES ('d6759df2-0', 'KH10096', '代理商新增002', 'AD', '', '', '6D64514D01BC576DCD96F50FDAD339A9E689541605434938A1FDD0988711CA66', '01BC576DCD96F50F881094F70599605A', null, null, null, null, '2017-11-23 16:45:09', '1', '2017-11-27 15:05:27', '1', null, null, '0', null, '1.00', '1.00', null, null, null, null, null, null, null, null, null, null, '0', '0', null, null, null, null, null, null, null, null, 'localhost:8080', 'localhost:8080', '1', null, '0.45', 'USD', null);
INSERT INTO `c_company` VALUES ('d6efe17b-a', 'KH10136', 'leaddeal', 'CN', '广东省', '深圳市001号', '810137FA22C2619EEEA365D960271051033FFC26B1E14D4E9728C6C3E4D311A2', '22C2619EEEA365D9B2E4F70577EE8070', null, null, null, null, '2018-01-08 10:23:23', '1', '2018-01-08 10:43:02', '1', null, null, '0', null, '1.00', '1.00', null, null, null, null, null, null, null, null, null, null, '0', '0', null, null, null, null, null, null, null, null, 'localhost:8080', '192.168.55.15:8080', '1', null, '0.30', 'USD', null);
INSERT INTO `c_company` VALUES ('da4d74cb-d', 'KH10023', 'mamie', 'US', 'Temecula', '26755 Ynez Rd.', '50AD683E65B013066CA0B441B1F51C21EAF254B6622E443DBBC9EFA918CFCFAF', '65B013066CA0B441BF33F0C4E8B2E07E', '2017-11-09 14:48:39', '90030083.069', null, null, '2016-12-03 13:54:34', '1', '2018-06-27 17:06:35', '1', '0', null, '1', null, '1.00', '0.80', 'lansong', 'qingxianglu5555', 'ceshi1', 'ceshi2', 'shenzhen', 'guangdong', 'CN', '518109', '18028693442', '18056369521', '0', '0', null, null, null, null, null, null, null, null, null, null, '0', null, '0.30', 'USD', '1');
INSERT INTO `c_company` VALUES ('dcc34168-f', 'KH10174', '深圳市力得得力技术有限公司', '', '', '', '324E29BF46E8174586A34C126A6B958C7183C094C4A84E7880B1F6BADD8EA256', '46E8174586A34C12AF86F58B597A7A69', null, null, null, null, '2018-03-05 09:51:08', 'a71904c0-3', '2018-07-19 10:49:23', 'a71904c0-3', null, null, '0', null, '1.00', '1.00', null, null, null, null, null, null, null, null, null, null, '0', '0', 'sysConfig/1520213180379.jpg', '金玲PMS代理客户端', '', null, null, null, null, null, '192.168.88.245:18080', '192.168.88.245:28080', '2', 'd2104b00-4', '0.30', 'USD', '1');
INSERT INTO `c_company` VALUES ('deb69998-5', 'KH10070', 'leaddeal0008', 'AD', '广东', '深圳', '0F2EDC7A4C0A1AE4E2555F07A00EE19629F3466B0A814086A9DDD08471589E66', '4C0A1AE4E2555F07A86D36483893DEA4', null, null, null, null, '2017-06-06 15:01:18', '1', '2017-06-06 15:01:18', '1', null, '0', '0', null, '1.00', '1.00', null, null, null, null, null, null, null, null, null, null, null, null, null, null, null, null, null, null, null, null, 'localhost:8080', null, '0', null, '0.30', 'USD', null);
INSERT INTO `c_company` VALUES ('e02a2f71-f', 'KH10128', '深圳市力得的力技术有限公司（深圳分）', 'AA', '', '', 'F9217370F9EC83B18C23233F1969EA4887C4CE8C8AD545958DFDA2FBCF55695E', 'F9EC83B18C23233FB422F173FA5A0D6E', '2017-12-02 18:09:45', '3820.750', null, null, '2017-11-30 14:44:06', '444e1ae4-b', '2018-01-29 16:16:15', '444e1ae4-b', null, null, '0', null, '1.00', '1.00', null, null, null, null, null, null, null, null, null, null, '1', '0', 'sysConfig/1512100942822.jpg', '金玲物流客户系统', '深圳市力得得力', null, null, null, null, null, '192.168.88.245:18080', '192.168.88.245:28080', '2', 'c7be5421-0', '0.50', 'USD', '1');
INSERT INTO `c_company` VALUES ('e23caf2f-5', 'KH10164', 'lans125', 'AU', 'lan', 'lan', 'B4EEAAA0CF68414F47AA5DE8BC5192B56E955DC385984BDAA60F49F78906A7FC', 'CF68414F47AA5DE8B91747CF66B44894', null, null, null, null, '2018-02-24 11:45:13', '743d586e-7', '2018-02-24 12:04:24', '743d586e-7', null, null, '0', null, '0.80', '0.80', null, null, null, null, null, null, null, null, null, null, '1', '0', null, null, null, null, null, null, null, null, '192.168.88.245:18080', '192.168.88.245:28080', '2', '98e18658-1', '0.30', 'USD', '1');
INSERT INTO `c_company` VALUES ('e36d91ae-8', 'KH10166', 'lans126', 'AD', 'lan', 'lan', '435CD06659BDC69C215226A8E6D825D2480D437D71654E9D93A09819E8489C22', '59BDC69C215226A8A17EE84421B48FE0', null, null, null, null, '2018-02-27 10:39:14', '002372a2-7', '2018-02-27 10:51:30', '002372a2-7', null, null, '0', null, '0.80', '0.80', null, null, null, null, null, null, null, null, null, null, '1', '0', null, null, null, null, null, null, null, null, '192.168.88.245:18080', '192.168.88.245:28080', '2', '6f1a02f9-c', '0.30', 'USD', '1');
INSERT INTO `c_company` VALUES ('e50236f6-b', 'KH10163', 'lans12302', 'AU', 'lan', 'lan', 'E26E6DCEA5AA24579C1028A750FF45AF0E8A57ACE0AA436D87D5B38026934278', 'A5AA24579C1028A79872B255533E049B', null, null, null, null, '2018-02-23 20:19:12', '257ebdf7-d', '2018-02-23 20:24:40', '257ebdf7-d', null, null, '0', null, '1.00', '1.00', null, null, null, null, null, null, null, null, null, null, '0', '0', null, null, null, null, null, null, null, null, '192.168.88.245:18080', '192.168.88.245:28080', '2', '1e004b3d-6', '0.30', 'USD', '1');
INSERT INTO `c_company` VALUES ('e8a29631-d', 'KH10052', '1111', 'AA', '[Ljava.lang.String;@40e1ef0e', '1', '11209B2DD44230F37E08FD72F45784DB7B87A185238340ECB35C0E894B18ADDF', 'D44230F37E08FD72A3DD47D8049D85C4', '2017-05-31 15:29:22', '22223224.100', null, null, '2017-05-19 10:35:16', '1', '2017-07-31 16:00:36', '1', '0', '0', '0', '1.00', '1.00', '1.00', null, null, null, null, null, null, null, null, null, null, null, null, null, null, null, null, null, null, null, null, 'localhost:8080', null, '0', null, '0.30', 'USD', null);
INSERT INTO `c_company` VALUES ('eb8ce6f4-2', 'KH10155', 'lansong124', 'AU', 'lan', 'lan', 'A5EEE0F61572BDE3EB95C10F5924FB984D9C0203C38149C8BB322A64D7686F97', '1572BDE3EB95C10F83F377B5D3E3B180', null, null, null, null, '2018-01-19 11:07:11', '1', '2018-06-07 18:40:15', '1', null, null, '0', null, '1.00', '1.00', null, null, null, null, null, null, null, null, null, null, '0', '0', null, null, null, null, null, null, null, null, '192.168.88.245:18080', '192.168.88.245:28080', '1', null, '0.43', 'USD', '1');
INSERT INTO `c_company` VALUES ('ec3b080a-d', 'KH10033', '1233333', '', '[Ljava.lang.String;@1e0a1b14', '深圳市龙岗区', '13DBFC70334DE09E44E1CE4A3D6209154ECC294C77254DD08F18BFE274A62C39', '334DE09E44E1CE4A8D30B8D573737912', null, null, null, null, '2017-05-16 15:57:30', '1', '2017-05-16 16:24:29', '1', '', '0', '0', null, '1.00', '1.00', null, null, null, null, null, null, null, null, null, null, null, null, null, null, null, null, null, null, null, null, 'localhost:8080', null, '0', null, '0.30', 'USD', null);
INSERT INTO `c_company` VALUES ('edb7025f-2', 'KH10094', '熊2', 'AA', 'wqeq', 'wqewqeq', '86EA93B844EDFD84712028004F3EA5FD77582330CAA3438F95211ECCF2F2CA0B', '44EDFD8471202800A43D619E142AE07D', '2017-11-28 11:03:26', '10.000', null, null, '2017-11-23 16:25:39', 'abb18379-e', '2017-12-06 16:55:51', 'abb18379-e', '0', null, '0', null, '1.00', '1.00', null, null, null, null, null, null, null, null, null, null, '0', '0', 'sysConfig/1511787594624.png', 'PMS客户端', '', null, null, null, null, null, 'localhost:8080', '192.168.88.245:28080', '2', '788b544e-4', '0.30', 'USD', null);
INSERT INTO `c_company` VALUES ('efc5943e-9', 'KH10153', 'wqeqeqe', 'AA', 'wqeq', 'qewqeqewq', '0BC33A931779FD838AEB97DDFEB4C7359E919D4F88F247BB9D1DC3279C1ABB1B', '1779FD838AEB97DD93F5BCEA5E5D0359', null, null, null, null, '2018-01-15 20:28:56', '444e1ae4-b', '2018-01-15 20:28:56', '444e1ae4-b', null, null, '0', null, '1.00', '1.00', null, null, null, null, null, null, null, null, null, null, '0', '0', 'sysConfig/1512100942822.jpg', '金玲物流客户系统', '深圳市力得得力', null, null, null, null, null, '192.168.88.245:18080', '192.168.88.245:28080', '2', 'c7be5421-0', '0.30', 'USD', null);
INSERT INTO `c_company` VALUES ('f106274d-a', 'KH10144', 'mamie123', 'US', 'lan', 'lan', '5E0E038C11D954B22AC03B3BFE77AB4D4E262A6F394E497B9AD98E18DF90F3DC', '11D954B22AC03B3BB621B226D9BD8F7E', null, null, null, null, '2018-01-12 10:19:26', '1', '2018-06-08 14:36:20', '1', null, null, '0', null, '0.80', '0.90', 'lans', '536 Granite Ave.', '', '', 'guangdong', 'shenzhen', 'CN', '518107', '18028693442', '18028693442', '0', '2', null, null, null, null, null, null, null, null, null, null, '0', null, '0.33', 'USD', '1');
INSERT INTO `c_company` VALUES ('f1fd33fa-7', 'KH10119', '李德利公司', 'BH', '', '', '1F0A1A7CB4B9073399736C2FB49AAB513DF19998047B41F7B40E37F97DD72137', 'B4B9073399736C2FA8962A8DEB831AB5', null, null, null, null, '2017-11-28 17:42:42', '1', '2017-12-13 14:37:09', '1', null, null, '0', null, '1.00', '1.00', null, null, null, null, null, null, null, null, null, null, '0', '0', null, null, null, null, null, null, null, null, 'localhost:8080', '192.168.88.245:28080', '1', null, '0.30', 'USD', null);
INSERT INTO `c_company` VALUES ('f9b9da5e-6', 'KH10114', '123', '', '', '', '50A5010659E2FD6E9F718963BC8B263CB0999544AE5A473A9CF0BFD4AB7510AA', '59E2FD6E9F718963A4B3295CA81B3357', '2017-11-27 17:09:14', '1111111.000', null, null, '2017-11-27 16:09:51', '1', '2017-11-27 17:09:14', '1', null, null, '0', null, '1.00', '1.00', null, null, null, null, null, null, null, null, null, null, '0', '0', null, null, null, null, null, null, null, null, 'localhost:8080', '127.0.0.1:8080', '1', null, '0.30', 'USD', null);
INSERT INTO `c_company` VALUES ('fd14b4c3-5', 'KH10085', '飞天蜈蚣', 'AA', '广东', '深圳市龙华区清祥路1222', '25E9AC843C3C38BCB41AFAE3702B6B97F49ECD8E7DA24C3BBA8BC35ABC221559', '3C3C38BCB41AFAE39FB319ECC06AE732', '2018-01-18 14:52:58', '255963.500', null, null, '2017-11-09 11:50:25', '1', '2018-01-18 15:34:22', '6f1e5ede-a', null, null, '0', null, '1.00', '1.00', 'jinlng-l', 'shenzhenlongh', null, null, '3', '3', 'CN', '33', null, null, '1', '0', 'sysConfig/1512200224799.jpg', 'PMS客户端', 'PMS客户端', null, null, null, null, null, 'localhost:8080', '192.168.88.245:28080', '2', 'd0ea50c0-0', '11.20', 'USD', null);
INSERT INTO `c_company` VALUES ('ff792268-d', 'KH10028', '测试2', '', '[Ljava.lang.String;@348aea66', '111', '4D237713E3E242E55EF84A4481AB95F9850FA06985814ED4A68A1448F86DFA5F', 'E3E242E55EF84A44A351030BBF58CB24', '2017-09-23 10:28:26', '1111.000', null, null, '2017-05-04 12:19:29', '1', '2017-09-23 10:28:26', '1', '0', '0', '0', '1.00', '1.00', '1.00', null, null, null, null, null, null, null, null, null, null, null, null, null, null, null, null, null, null, null, null, 'localhost:8080', null, '0', null, '0.30', 'USD', null);

-- ----------------------------
-- Table structure for c_user
-- ----------------------------
DROP TABLE IF EXISTS `c_user`;
CREATE TABLE `c_user` (
  `user_id` varchar(10) NOT NULL COMMENT '公司用户流水号',
  `company_id` varchar(10) NOT NULL COMMENT '公司流水号',
  `user_code` varchar(30) NOT NULL COMMENT '用户代码',
  `user_name` varchar(30) NOT NULL COMMENT '姓名',
  `sex` char(1) DEFAULT NULL COMMENT '性别（0:男;1:女）',
  `password` varchar(50) NOT NULL COMMENT '密码',
  `mobile` varchar(15) DEFAULT NULL COMMENT '用户手机',
  `qq` varchar(50) DEFAULT NULL COMMENT 'QQ',
  `email` varchar(50) DEFAULT NULL COMMENT '邮箱',
  `status` char(1) NOT NULL COMMENT '账号状态(0:已停用 1:已启用)',
  `create_time` datetime DEFAULT NULL COMMENT '创建时间',
  `create_by` varchar(10) DEFAULT NULL COMMENT '创建人',
  `update_time` datetime DEFAULT NULL COMMENT '更新时间',
  `update_by` varchar(10) DEFAULT NULL COMMENT '更新人',
  `head_portrait_path` varchar(255) DEFAULT NULL COMMENT '头像',
  `contact_person` varchar(30) DEFAULT NULL COMMENT '联系人',
  `supper_user_flag` char(1) DEFAULT NULL COMMENT '内置管理员(0:非管理员；1：管理员)',
  `address` varchar(500) DEFAULT NULL,
  PRIMARY KEY (`user_id`),
  UNIQUE KEY `user_code_UK` (`user_code`) USING BTREE,
  KEY `user_mobile_UK` (`mobile`) USING BTREE,
  KEY `FK_company_user_relation` (`company_id`) USING BTREE,
  CONSTRAINT `c_user_ibfk_1` FOREIGN KEY (`company_id`) REFERENCES `c_company` (`company_id`)
) ENGINE=InnoDB DEFAULT CHARSET=utf8 COMMENT='公司用户信息表';

-- ----------------------------
-- Records of c_user
-- ----------------------------
INSERT INTO `c_user` VALUES ('002372a2-7', '6f1a02f9-c', 'YH10245', 'lansong126', '1', 'Nooxoitq1Po=', '18025632654', '695236', '695236@qq.com', '1', '2018-02-27 10:37:23', '1', '2018-02-27 10:51:24', '1', '', 'lan', '1', '');
INSERT INTO `c_user` VALUES ('025477e7-2', '8c6bef3a-1', 'YH10275', 'mamie136', '1', 'Nooxoitq1Po=', '18069326521', '362569541', '362569541@qq.com', '1', '2018-05-09 14:21:33', '1', '2018-08-03 10:54:55', '1', '', 'lan', '1', '');
INSERT INTO `c_user` VALUES ('03201ea1-f', '8649dbd7-d', 'YH10203', 'lideli', '0', 'IJbVJl4viPc=', '120', '12300000', '779310651@qq.com', '1', '2017-12-01 15:05:28', '1', '2017-12-01 15:05:28', '1', '', '小班', '1', '');
INSERT INTO `c_user` VALUES ('0626fdaf-2', 'b301c90e-c', 'YH10186', 'agent kyle', '1', 'IJbVJl4viPc=', '12333333', '2622622', '123@qq.com', '1', '2017-11-27 16:30:21', 'b084da59-4', '2017-11-27 16:32:09', 'b084da59-4', '', '金玲', '1', '');
INSERT INTO `c_user` VALUES ('08493362-f', 'be93a33c-6', 'YH10165', 'ls-mamie', '1', 'IJbVJl4viPc=', '18203625169', '3665561', '3665561@qq.com', '1', '2017-11-24 10:57:15', '6f1e5ede-a', '2017-11-24 11:05:34', '6f1e5ede-a', '', 'lan', '1', '');
INSERT INTO `c_user` VALUES ('08e7d406-1', '9824ae78-c', 'YH10049', 'ceshi', '0', 'ydIzFMJzkhA=', '11111111111', '1111111111', '11@163.com', '1', '2017-05-04 11:37:13', '1', '2017-11-16 14:49:06', '1', '', '11111111', '1', '');
INSERT INTO `c_user` VALUES ('095f6597-1', 'cd599dd7-1', 'YH10272', 'mamie666', '1', 'Nooxoitq1Po=', '18056396254', '6935695162', '6935695162@qq.com', '1', '2018-04-08 15:36:48', '1', '2018-04-08 15:37:13', '095f6597-1', '', 'lan', '1', '');
INSERT INTO `c_user` VALUES ('0ab412f0-2', '50caf24f-b', 'YH10113', '455555', '0', 'IJbVJl4viPc=', '11111111111', '122222222', '452@qq.com', '1', '2017-05-22 16:05:16', '1', '2017-05-22 16:05:16', '1', '', '4', '1', '');
INSERT INTO `c_user` VALUES ('0d4a1d29-5', '3133c9a2-5', 'YH10176', 'kyle-001', '1', 'IJbVJl4viPc=', '13222222222', '456366', '123@qq.com', '1', '2017-11-24 18:20:01', '1', '2017-11-24 18:20:01', '1', '', '金玲', '1', '');
INSERT INTO `c_user` VALUES ('0f282370-2', '079a7440-4', 'YH10126', 'kyle337', '1', 'YybxV5ndx74=', '136558585', '225252525', '123@qq.com', '1', '2017-06-26 15:10:17', '1', '2018-03-03 11:49:41', '1', '', '13636363636', '1', '');
INSERT INTO `c_user` VALUES ('1', '1', 'asdasd', 'luoxin', '0', 'g31Pu/JNDOM=', '18245645454', '144444', '144@qq.com', '3', null, null, '2017-10-17 17:15:04', '1', null, '张', '1', '');
INSERT INTO `c_user` VALUES ('121d72d0-4', 'bdb4e740-b', 'YH10115', 'huamei', '0', 'IJbVJl4viPc=', '18025361425', '125411', '125411@qq.com', '1', '2017-05-26 15:48:59', '1', '2017-05-26 15:48:59', '1', '', '的', '1', '');
INSERT INTO `c_user` VALUES ('128c204f-f', 'e36d91ae-8', 'YH10246', 'lans126', '1', 'Nooxoitq1Po=', '1802563252', '9653254', '9653254@qq.com', '1', '2018-02-27 10:39:14', '002372a2-7', '2018-02-27 10:51:30', '002372a2-7', '', 'lan', '1', '');
INSERT INTO `c_user` VALUES ('14b17607-f', 'd6efe17b-a', 'YH10210', 'dltest', '0', 'Nooxoitq1Po=', '13530011111', '5556645', '4561212@qq.com', '1', '2018-01-08 10:23:23', '1', '2018-01-08 10:46:21', '14b17607-f', '', '连', '1', '');
INSERT INTO `c_user` VALUES ('16da45e4-9', 'e02a2f71-f', 'YH10200', 'kyle005', '1', 'YybxV5ndx74=', '122333333', '223333', '123@qq.com', '1', '2017-11-30 14:44:06', '444e1ae4-b', '2018-03-05 09:57:00', '16da45e4-9', 'headportraitpath/e02a2f71-f/1512024081790.jpg', '金玲', '1', 'shenzhen1111111111111111111111');
INSERT INTO `c_user` VALUES ('1810ba2a', '80db72d3-e', 'YH10265', 'mamie133-1', '1', 'Nooxoitq1Po=', '18026365241', '6523265', '6523265@qq.com', '1', '2018-03-07 16:20:58', 'cc93f554-a', '2018-03-07 16:29:09', '1810ba2a', '', 'lansong', '0', '');
INSERT INTO `c_user` VALUES ('18390fd9-a', 'afbb699d-9', 'YH10036', 'kyle001', '0', 'YybxV5ndx74=', '18218808436', '12234', '11@qq.com', '1', '2016-12-03 13:38:55', '1', '2018-03-02 16:36:18', '1', '', '金玲', '1', 'k660326');
INSERT INTO `c_user` VALUES ('193687e4-6', 'ce64a4d5-e', 'YH10117', 'jl测试新增客户', '0', 'IJbVJl4viPc=', '15623120323', '26262626', '123@qq.com', '1', '2017-06-06 14:33:58', '1', '2017-10-18 11:53:23', '1', '', 'mr ling', '1', '');
INSERT INTO `c_user` VALUES ('1b912a0a-3', '2ea3eadb-4', 'YH10159', 'khxz002', '0', 'IJbVJl4viPc=', '11', '11111', '11112@qq.com', '1', '2017-11-23 16:47:09', '1', '2017-11-23 17:07:15', '1', '', '111', '1', '');
INSERT INTO `c_user` VALUES ('1c8108d2-4', 'b3655cbf-6', 'YH10093', 'xiongjiexi3', '0', 'IJbVJl4viPc=', '11111111111', '1111111', '1111@leaddeal.com', '1', '2017-05-18 18:03:16', '1', '2017-05-18 18:03:16', '1', '', '11111', '1', '');
INSERT INTO `c_user` VALUES ('1ddf49ab-d', '864756a9-b', 'YH10188', 'ceshi1', '0', 'IJbVJl4viPc=', '123', '12345', '12345@qq.com', '1', '2017-11-27 16:38:14', '66c6de7e-0', '2017-11-27 16:38:14', '66c6de7e-0', '', '123', '1', '');
INSERT INTO `c_user` VALUES ('2', '3', 'YH0002', 'test', '0', 'Nooxoitq1Po=', '11111111111', '11111', '11111@qq.com', '1', null, null, '2018-06-14 17:11:10', '1', 'headportraitpath/2/1495613588040.jpg', '11111', '1', '');
INSERT INTO `c_user` VALUES ('2049efd1-9', '9d5ffffb-0', 'YH10207', 'kyl200', '1', 'YybxV5ndx74=', '1111111', '11111111', '123@qq.com', '1', '2017-12-08 10:30:04', '1', '2018-01-23 10:09:29', '2049efd1-9', 'headportraitpath/9d5ffffb-0/1512700121144.jpg', '金玲', '1', '');
INSERT INTO `c_user` VALUES ('2056c104', '3', 'YH10058', 'test_zm', '1', 'IJbVJl4viPc=', '11111111111', '7777777', 'zm@163.com', '0', '2017-05-16 12:16:33', '2', '2017-05-17 15:03:16', '2', 'headportraitpath/3/1495004750348.jpg', 'zzzz', '0', 'gggggggggg');
INSERT INTO `c_user` VALUES ('22899c1e-7', 'af88facb-8', 'YH10218', 'zmzmdls', '0', 'IJbVJl4viPc=', '1111', '111111', '111@qq.com', '1', '2018-01-12 10:08:01', '6f1e5ede-a', '2018-01-12 10:21:27', '6f1e5ede-a', '', '11', '1', '');
INSERT INTO `c_user` VALUES ('22ca66e8-c', 'bb4ec817-4', 'YH10239', 'mamie128', '1', 'Nooxoitq1Po=', '18023652563', '635854', '635854@qq.com', '1', '2018-02-09 11:25:15', '1', '2018-02-09 11:32:31', '1', '', 'lan', '1', '');
INSERT INTO `c_user` VALUES ('257ebdf7-d', '1e004b3d-6', 'YH10224', 'lansong123', '1', 'Nooxoitq1Po=', '18025632569', '365218', '365218@qq.com', '1', '2018-01-12 10:45:27', '1', '2018-05-21 14:51:46', '1', '', 'lan', '1', '');
INSERT INTO `c_user` VALUES ('28022bb6-f', '0c0e5932-c', 'YH10173', 'kyle-zz1111', '1', 'IJbVJl4viPc=', '13331333333', '4522222', '123@qq.com', '1', '2017-11-24 17:39:46', '1', '2018-01-11 14:45:23', '1', 'headportraitpath/0c0e5932-c/1511516303719.jpg', '金玲', '1', '');
INSERT INTO `c_user` VALUES ('284afc06-7', 'f1fd33fa-7', 'YH10190', 'xiaoban', '0', 'IJbVJl4viPc=', '120', '779310651', '779310651@qq.com', '1', '2017-11-28 17:42:42', '1', '2018-03-02 16:40:21', '1', 'headportraitpath/f1fd33fa-7/1511861986174.jpg', '小班', '1', 'shenzhen');
INSERT INTO `c_user` VALUES ('296abc12-4', '799cf6c3-2', 'YH10236', 'mamie126', '1', 'Nooxoitq1Po=', '18023625214', '26395852', '26395852@qq.com', '1', '2018-01-22 10:00:33', '1', '2018-06-07 14:16:52', '1', '', 'lan', '1', '');
INSERT INTO `c_user` VALUES ('300a0382-9', 'f106274d-a', 'YH10221', 'mamie123', '1', 'Nooxoitq1Po=', '18025632541', '635214', '635214@qq.com', '1', '2018-01-12 10:19:26', '1', '2018-06-08 14:36:20', '1', '', 'lan', '1', '');
INSERT INTO `c_user` VALUES ('31088636-2', 'd14fa5ab-8', 'YH10213', 'wgw-agent', '0', 'Nooxoitq1Po=', '18154759057', '1665382553', '1665382553@qq.com', '1', '2018-01-10 11:51:58', '1', '2018-01-10 11:55:49', '31088636-2', '', 'wgw', '1', '');
INSERT INTO `c_user` VALUES ('36fcd54c-9', '94112c50-3', 'YH10136', 'kyle002', '1', 'YybxV5ndx74=', '18632323232', '24252252', '123@qq.com', '1', '2017-09-28 11:07:04', '1', '2018-06-04 15:27:14', '1', 'headportraitpath/94112c50-3/1506567948624.jpg', '金玲', '1', '');
INSERT INTO `c_user` VALUES ('38ec8e76', '471ea06c-6', 'YH10133', 'dayu-001', '0', 'Nooxoitq1Po=', '18523625548', '55555', '55555@qq.com', '1', '2017-08-14 16:17:06', 'b79a9c59-5', '2017-08-14 16:20:27', '38ec8e76', '', 'd', '0', '');
INSERT INTO `c_user` VALUES ('3ad95e73', 'afbb699d-9', 'YH10087', 'huming', '0', 'IJbVJl4viPc=', '12222222222', '555555', '452333@qq.com', '0', '2017-05-17 17:04:53', '18390fd9-a', '2017-05-17 17:05:25', '18390fd9-a', '', '12333333333', '0', '11111');
INSERT INTO `c_user` VALUES ('3b8e4bb2-1', 'da4d74cb-d', 'YH10039', 'mamie', '0', 'Nooxoitq1Po=', '15285311219', '131245', '790100427@qq.com', '1', '2016-12-03 13:54:34', '1', '2018-06-27 17:06:35', '1', 'headportraitpath/3b8e4bb2-1/1527735981116.jpg', 'hong', '1', 'sgfr');
INSERT INTO `c_user` VALUES ('3d42b468-5', '4738a45a-b', 'YH10168', 'xiong4', '0', 'IJbVJl4viPc=', '123456', '123456', '123456@qq.com', '1', '2017-11-24 12:08:27', 'abb18379-e', '2017-11-28 10:57:18', 'abb18379-e', '', 'wqewqewq', '1', '');
INSERT INTO `c_user` VALUES ('3ff39539-a', '1f3d8eb5-2', 'YH10112', 'kyle22', '1', 'YybxV5ndx74=', '12333333333', '452371666', '156@qq.com', '1', '2017-05-22 16:00:08', '1', '2018-02-06 14:46:59', '3ff39539-a', '', '1', '1', '2333');
INSERT INTO `c_user` VALUES ('4', '4', 'YH0003', 'sunyou', '0', 'IJbVJl4viPc=', '13865498752', '100001', '123456@qq.com', '3', null, null, '2017-06-01 16:37:10', '1', '/headportraitpath/system/6.png', '4444', '1', '请问请问');
INSERT INTO `c_user` VALUES ('444e1ae4-b', 'c7be5421-0', 'YH10198', 'jinling', '1', 'YybxV5ndx74=', '13555666666', '12222333', '123@qq.com', '1', '2017-11-29 17:31:15', '1', '2018-06-07 15:01:43', '1', 'headportraitpath/c7be5421-0/1511947775596.jpg', '金玲', '1', 'shenzhen1111');
INSERT INTO `c_user` VALUES ('46291a90-d', '0de651ea-3', 'YH10094', 'gongwenxian111', '0', 'IJbVJl4viPc=', '16485468456', '465484684', '16484@qq.com', '1', '2017-05-18 18:03:25', '1', '2017-06-06 14:39:03', '1', '', '龚', '1', '456');
INSERT INTO `c_user` VALUES ('46357ec6', 'afbb699d-9', 'YH10075', 'kyle11', '0', 'Klk8BSurFxw=', '12222222222', '1222229', '22222@qq.com', '1', '2017-05-17 15:02:57', '18390fd9-a', '2017-05-20 10:06:34', '18390fd9-a', '', '胡明', '0', '222222222222222222');
INSERT INTO `c_user` VALUES ('46aa0840-f', '372b50b4-b', 'YH10249', 'lansong127', '1', 'Nooxoitq1Po=', '18025632514', '8562546', '8562546@qq.com', '1', '2018-02-28 17:24:31', '1', '2018-03-01 10:19:37', '1', '', 'lan', '1', '');
INSERT INTO `c_user` VALUES ('48d4bda0-1', 'edb7025f-2', 'YH10156', 'xiong2', '0', 'vOyHwosM1CN8tG/W24gpzQ==', '2131321321', '12313213', '154611@qq.com', '1', '2017-11-23 16:25:39', 'abb18379-e', '2017-11-24 11:34:02', '48d4bda0-1', '', '2123132156', '1', '');
INSERT INTO `c_user` VALUES ('4ca69905-6', '1f14cbe9-4', 'YH10141', 'qwerty', '0', 'jKbhia4UnM8WnRQ8QlunNw==', '1234567890', '1234567890', '123456789@yeah.net', '1', '2017-11-08 14:29:22', '1', '2017-11-08 14:30:23', '4ca69905-6', '', 'qwe', '1', '');
INSERT INTO `c_user` VALUES ('4d0bbe5c-6', '05eff671-7', 'YH10217', 'ZM2017011101', '0', 'YybxV5ndx74=', '111111', '111111', '111@QQ.Com', '1', '2018-01-11 16:47:41', '1', '2018-02-07 15:14:46', '4d0bbe5c-6', '', '1111', '1', '');
INSERT INTO `c_user` VALUES ('50e05647-4', '1544c993-f', 'YH10144', 'werwer', '0', 'IJbVJl4viPc=', '4949494969', '54165166', '16565446@qq.com', '1', '2017-11-09 11:49:10', '1', '2017-11-09 11:49:10', '1', '', '194989898', '1', '');
INSERT INTO `c_user` VALUES ('51cf81a4', '236bb8e8-5', 'YH10146', 'ceshi30', '0', 'IJbVJl4viPc=', '13000000000', '777777777', '777777777@qq.com', '1', '2017-11-14 18:08:21', 'af97d713-d', '2017-12-14 09:48:50', 'af97d713-d', 'headportraitpath/236bb8e8-5/1512093204955.png', '小班30', '0', '');
INSERT INTO `c_user` VALUES ('5543161b-2', 'e8a29631-d', 'YH10101', '冻结测试001', '0', 'YybxV5ndx74=', '14513654578', '1354684', 'sdf@qq.com', '1', '2017-05-19 10:35:16', '1', '2018-02-07 14:40:43', '5543161b-2', '', '16482648', '1', '');
INSERT INTO `c_user` VALUES ('559b2301-8', '7a6e699e-7', 'YH10104', 'devil_mirror', '1', 'fbX2Ek0GkV58tG/W24gpzQ==', '158185120000', '12356', 'qq@qq.com', '1', '2017-05-20 15:42:37', '1', '2018-02-28 18:53:48', '1', 'headportraitpath/7a6e699e-7/1495266018915.jpg', '胡', '1', '');
INSERT INTO `c_user` VALUES ('57addf26-c', '648c99fc-8', 'YH10194', 'xjxtest1', '0', 'IJbVJl4viPc=', '123123131', '12313135', '123153132@qq.com', '1', '2017-11-28 20:58:25', '6f1e5ede-a', '2017-11-28 20:58:25', '6f1e5ede-a', '', '12312313', '1', '');
INSERT INTO `c_user` VALUES ('5a39ac40', '471ea06c-6', 'YH10134', 'dayu-002', '1', 'IJbVJl4viPc=', '18023652362', '55555', '55555@qq.com', '0', '2017-08-14 16:21:24', 'b79a9c59-5', '2017-08-14 16:21:32', 'b79a9c59-5', '', 't', '0', '');
INSERT INTO `c_user` VALUES ('5f8cc813', '3', 'YH10079', 'a11111', '1', 'IJbVJl4viPc=', '17022221111', '22456', '22@qq.com', '1', '2017-05-17 16:28:08', '67213fb6', '2017-05-19 15:50:16', '2', '', '22', '0', '');
INSERT INTO `c_user` VALUES ('625df029-2', '4d233170-a', 'YH10119', '366666', '1', 'IJbVJl4viPc=', '12359999999', '231232', '1451000@qq.com', '1', '2017-06-06 14:49:19', '1', '2017-06-06 14:49:19', '1', '', 'mr ling', '1', '');
INSERT INTO `c_user` VALUES ('65223a59-d', '9d45b1f0-1', 'YH10125', 'kyle336', '1', 'IJbVJl4viPc=', '111222222', '2222222', '123@qq.com', '1', '2017-06-26 15:08:32', '1', '2017-06-26 15:08:32', '1', '', '12366', '1', '');
INSERT INTO `c_user` VALUES ('66c6de7e-0', 'f9b9da5e-6', 'YH10184', 'chenfei123', '0', 'ZJuS733pLwzKuRMjNBlZuA==', '123', '12311', '123@qq.com', '1', '2017-11-27 16:09:51', '1', '2017-11-27 16:19:15', '1', '', '123', '1', '');
INSERT INTO `c_user` VALUES ('67213fb6', '3', 'YH10072', 'zm123456', '0', 'fbX2Ek0GkV58tG/W24gpzQ==', '11111111111', '11111', '1111@163.com', '1', '2017-05-17 14:19:30', '2', '2017-05-17 14:35:28', '67213fb6', 'headportraitpath/3/1495002086455.jpg', '1111', '0', '1111');
INSERT INTO `c_user` VALUES ('675c17a4-6', 'ec3b080a-d', 'YH10065', '223333', '1', 'IJbVJl4viPc=', '12563236626', '4562311', '1231@1.com', '1', '2017-05-16 15:57:30', '1', '2017-05-16 16:17:42', '1', '', '12563236626', null, null);
INSERT INTO `c_user` VALUES ('6a5b5fde-4', 'fd14b4c3-5', 'YH10145', 'agclient', '0', 'ZJuS733pLwx8tG/W24gpzQ==', '12233333333', '54464665', '4654464@qq.com', '1', '2017-11-09 11:50:25', '1', '2018-01-18 15:34:22', '6f1e5ede-a', 'headportraitpath/6a5b5fde-4/1511407774573.png', 'fafas', '1', '深圳市龙华区清祥路1222');
INSERT INTO `c_user` VALUES ('6bd24081-4', '968fbf07-9', 'YH10106', 'gongwenxianxxx', '0', 'IJbVJl4viPc=', '4564646', '11768746', '111@qq.com', '1', '2017-05-22 11:44:46', '1', '2017-10-17 16:20:25', '1', '', '11', '1', 'sfds');
INSERT INTO `c_user` VALUES ('6f1e5ede-a', 'd0ea50c0-0', 'YH10118', 'agent', '0', 'vOyHwosM1CN8tG/W24gpzQ==', '12222331254', '123456', '1244@qq.com', '1', '2017-12-14 14:21:06', 'SU00010189', '2018-01-25 10:10:01', '6f1e5ede-a', '', '金玲11111111111111111', '1', '饿我企鹅去123');
INSERT INTO `c_user` VALUES ('6ff762d8-5', 'b282ea84-4', 'YH10038', '1312', '0', 'IJbVJl4viPc=', '13423455432', '12321312', '11@11.com', '1', '2016-12-03 13:49:44', '1', '2016-12-03 13:49:44', '1', 'headportraitpath/b282ea84-4/1480744179640.jpeg', '21', '1', null);
INSERT INTO `c_user` VALUES ('70bb90c4-0', 'b2126bc4-3', 'YH10196', 'lansongs', '1', 'Nooxoitq1Po=', '18025632145', '1278399807', '6359852@qq.com', '1', '2018-01-10 15:43:24', '70bb90c4-0', '2018-07-20 10:00:53', '1', '', 'lans', '1', '');
INSERT INTO `c_user` VALUES ('70fa3318-6', 'd45c0161-5', 'YH10225', 'lans123', '1', 'Nooxoitq1Po=', '18025632514', '36523', '3652@qq.com', '1', '2018-01-12 11:20:02', '257ebdf7-d', '2018-06-04 14:05:26', '257ebdf7-d', '', 'lan', '1', '');
INSERT INTO `c_user` VALUES ('743d586e-7', '98e18658-1', 'YH10242', 'lansong125', '1', 'Nooxoitq1Po=', '18025632541', '65214562', '65214562@qq.com', '1', '2018-02-23 20:09:52', '1', '2018-02-27 14:49:32', '1', '', 'lan', '1', '');
INSERT INTO `c_user` VALUES ('7494a9ad-0', '8566868a-b', 'YH10223', 'zmdlsdls', '0', 'IJbVJl4viPc=', '111', '111111', '111@163.com', '1', '2018-01-12 10:21:55', '6f1e5ede-a', '2018-01-12 10:21:55', '6f1e5ede-a', '', '11', '1', '');
INSERT INTO `c_user` VALUES ('749ed767-5', '103663a5-c', 'YH10124', 'kyle36', '1', 'IJbVJl4viPc=', '13452666666', '4563636', '123@qq.com', '1', '2017-06-26 15:05:57', '1', '2017-06-26 15:05:57', '1', '', '13642626', '1', '');
INSERT INTO `c_user` VALUES ('76488a09-5', '0716585c-1', 'YH10155', 'khxz001', '0', 'IJbVJl4viPc=', '111111', '111111', '123456@qq.com', '1', '2017-11-23 16:23:50', '1', '2017-11-23 16:23:50', '1', '', '111', '1', '');
INSERT INTO `c_user` VALUES ('796ad44e-9', '65fbd04c-a', 'YH10269', 'lans131-2', '1', 'Nooxoitq1Po=', '18056326325', '36256254', '36256254@qq.com', '1', '2018-03-07 17:26:59', '7a526e43-8', '2018-03-07 18:03:57', '796ad44e-9', '', 'lan', '1', '');
INSERT INTO `c_user` VALUES ('7a526e43-8', '84863084-7', 'YH10267', 'lansong131', '1', 'Nooxoitq1Po=', '18026362514', '11111111111111111111', '69523654@qq.com', '1', '2018-03-07 16:56:42', '1', '2018-07-13 15:07:03', '7a526e43-8', '', 'lan', '1', '');
INSERT INTO `c_user` VALUES ('7c88de85-2', '33a4d4d7-c', 'YH10206', 'kyle008', '1', 'IJbVJl4viPc=', '12222333', '5333333', '123@qq.com', '1', '2017-12-04 09:39:01', '444e1ae4-b', '2017-12-04 09:39:01', '444e1ae4-b', '', '金玲', '1', '');
INSERT INTO `c_user` VALUES ('7e020e51-7', '27500017-5', 'YH10241', 'mamie130', '1', 'Nooxoitq1Po=', '18026352321', '3625985', '3625985@qq.com', '1', '2018-02-23 19:48:57', '1', '2018-02-28 16:21:44', '1', '', 'lan', '1', '');
INSERT INTO `c_user` VALUES ('7fd91147-6', '7ed45ff4-2', 'YH10253', 'lans128', '1', 'Nooxoitq1Po=', '18026365254', '96325635', '96325635@qq.com', '1', '2018-02-28 17:31:01', 'dabe55a7-e', '2018-03-21 16:59:13', 'dabe55a7-e', '', 'lan', '1', '');
INSERT INTO `c_user` VALUES ('8b7801b9-0', 'b2635521-5', 'YH10110', 'dedededede', '0', 'fbX2Ek0GkV58tG/W24gpzQ==', '454534534444', '74545345', 'dfg@qq.com', '1', '2017-05-22 14:58:34', '1', '2017-08-03 17:44:56', '8b7801b9-0', '', 'fsdfsdf', '1', 'dd');
INSERT INTO `c_user` VALUES ('8d1c0387-c', 'c21d62ef-a', 'YH10270', 'lans131-3', '1', 'Nooxoitq1Po=', '18056326326', '6326514', '6326514@qq.com', '1', '2018-03-07 17:27:39', '7a526e43-8', '2018-03-07 18:12:55', '8d1c0387-c', '', 'lan', '1', '');
INSERT INTO `c_user` VALUES ('902fbc29-6', 'b761f776-9', 'YH10121', '1221222', '1', 'IJbVJl4viPc=', '1221222', '1223232', '1222@qq.com', '1', '2017-06-06 15:09:20', '1', '2017-06-06 15:09:20', '1', '', '1221222', '1', '');
INSERT INTO `c_user` VALUES ('92c075ae-d', '0bbcd5a1-d', 'YH10240', 'mamie129', '1', 'Nooxoitq1Po=', '18025632125', '26352514', '26352514@qq.com', '1', '2018-02-22 11:02:31', '1', '2018-02-23 19:22:01', '1', '', 'lan', '1', '');
INSERT INTO `c_user` VALUES ('931ec12e-3', 'ce756a09-f', 'YH10153', 'dlsxz001', '0', 'IJbVJl4viPc=', '111111', '1111111', '11@qq.com', '1', '2017-11-23 16:23:18', '1', '2017-11-29 17:55:38', '1', '', '111', '1', '11111');
INSERT INTO `c_user` VALUES ('9539f9df-7', 'd6759df2-0', 'YH10158', 'dlsxz002', '0', 'IJbVJl4viPc=', '1111', '1111111', '111@qq.com', '1', '2017-11-23 16:45:09', '1', '2018-02-27 17:44:22', '1', '', '111', '1', '');
INSERT INTO `c_user` VALUES ('982960f6-5', 'a7cf73cb-0', 'YH10248', 'mamie132', '1', 'Nooxoitq1Po=', '18025632541', '5263654', '5263654@qq.com', '1', '2018-02-28 17:22:42', '1', '2018-03-07 11:01:55', '1', '', 'lan', '1', '');
INSERT INTO `c_user` VALUES ('98609011-5', '50a0a459-6', 'YH10199', 'kyle007', '1', 'YybxV5ndx74=', '13265555555', '465655', '1232@qq.com', '1', '2017-11-29 17:55:50', '444e1ae4-b', '2018-06-23 18:39:36', '98609011-5', 'headportraitpath/98609011-5/1512095796755.jpg', '金玲', '1', 'shenzhen');
INSERT INTO `c_user` VALUES ('9bdbc360-d', '0fceabe4-6', 'YH10259', 'lansong129', '1', 'Nooxoitq1Po=', '18026352514', '6253653', '6253653@qq.com', '1', '2018-03-05 15:39:48', '1', '2018-03-05 15:41:16', '9bdbc360-d', '', 'lan', '1', '');
INSERT INTO `c_user` VALUES ('9c7fed88-b', 'd0359be0-8', 'YH10212', 'lansong2', '1', 'IJbVJl4viPc=', '18023625412', '26421', '26421@qq.com', '1', '2018-01-10 11:41:29', '1', '2018-01-12 10:36:27', '1', '', 'lan', '1', '');
INSERT INTO `c_user` VALUES ('a2081bb7-6', '8fe5b7e3-3', 'YH10262', 'lans130', '1', 'Nooxoitq1Po=', '18056326598', '9632565', '9632565@qq.com', '1', '2018-03-07 11:16:40', 'c0fe3126-0', '2018-03-07 11:20:17', 'a2081bb7-6', '', 'lan', '1', '');
INSERT INTO `c_user` VALUES ('a394bcfa-3', '69d5d940-4', 'YH10148', 'agent008', '0', 'IJbVJl4viPc=', '18154759057', '2234234545', '13564565@qq.com', '1', '2017-11-15 18:09:00', '1', '2017-11-15 18:09:00', '1', '', '吴', '1', '春天花花幼儿园');
INSERT INTO `c_user` VALUES ('a5993a5f', 'afbb699d-9', 'YH10122', 'JL测试用户名', '1', 'IJbVJl4viPc=', '12333202222', '45220020', '123@qq.com', '1', '2017-06-16 11:42:12', '18390fd9-a', '2017-06-16 11:42:22', '18390fd9-a', '', '1', '0', '');
INSERT INTO `c_user` VALUES ('a71904c0-3', 'd2104b00-4', 'YH10202', 'jinling001', '1', 'YybxV5ndx74=', '126326222', '2659555', '123@qq.com', '1', '2017-11-30 16:25:25', '1', '2018-06-07 15:27:52', 'a71904c0-3', 'headportraitpath/d2104b00-4/1512030242893.jpg', '金玲', '1', '11');
INSERT INTO `c_user` VALUES ('a93908cf-f', '2a5eafc4-1', 'YH10252', 'lans127', '1', 'Nooxoitq1Po=', '18025632541', '85632512', '85632512@qq.com', '1', '2018-02-28 17:28:29', '46aa0840-f', '2018-03-01 11:17:23', '46aa0840-f', '', 'lan', '1', '');
INSERT INTO `c_user` VALUES ('a9894f31-d', '2e3df2ba-1', 'YH10147', '4234234定位我', '1', 'IJbVJl4viPc=', '312312', '312312', '1231@qq.com', '1', '2017-11-15 15:30:05', '1', '2017-11-23 09:52:51', '1', '', '21312', '1', '3123');
INSERT INTO `c_user` VALUES ('abb18379-e', '788b544e-4', 'YH10090', 'xiongjiexi', '0', 'IJbVJl4viPc=', '11111111111', '11111', '11111@leaddeal.com', '1', '2017-05-18 17:59:35', '1', '2018-01-11 14:45:38', '1', '', '1111111', '1', '');
INSERT INTO `c_user` VALUES ('aca4d9a4-9', 'a3d404c5-d', 'YH10247', 'mamie131', '1', 'Nooxoitq1Po=', '18025632515', '965325', '965325@qq.com', '1', '2018-02-28 17:21:38', '1', '2018-03-01 15:50:15', '1', '', 'lan', '1', '');
INSERT INTO `c_user` VALUES ('ad9018da', '3', 'YH10076', 'test1', '1', 'IJbVJl4viPc=', '15818545662', '123123', '123@123.com', '1', '2017-05-17 15:41:55', '67213fb6', '2017-05-17 15:41:55', '67213fb6', '', '明', '0', '');
INSERT INTO `c_user` VALUES ('adbd5d40-f', '6d886678-5', 'YH10123', 'JL测试新增客户', '1', 'IJbVJl4viPc=', '1202020', '4512121', '125@qq.com', '1', '2017-06-16 12:02:03', '1', '2017-10-17 16:17:43', '1', '', '13202022222', '1', '');
INSERT INTO `c_user` VALUES ('ae19f406-e', 'a870ba77-4', 'YH10084', 'xiongjiexi', '0', 'clbMn9+1nBA=', '12345678909', '5662273', '5662273@qq.com', '1', '2017-05-17 16:56:40', '1', '2018-01-08 15:15:51', 'ae19f406-e', '', 'xjx', '1', '');
INSERT INTO `c_user` VALUES ('ae2ea3b3-c', '94a0b997-e', 'YH10140', 'mrc123', '0', '9Ag05L9uDz0=', '666', '66666', '666@163.com', '1', '2017-11-08 14:03:28', '1', '2017-11-27 15:58:48', '1', '', 'mrc', '1', '');
INSERT INTO `c_user` VALUES ('aebfb9f8-8', '28b10e6d-5', 'YH10228', 'zmdls', '0', 'Nooxoitq1Po=', '18026352145', '111111', '11@qq.com', '1', '2018-01-15 18:43:23', '70bb90c4-0', '2018-06-23 17:50:44', '70bb90c4-0', '', '111', '1', '');
INSERT INTO `c_user` VALUES ('af068581', '3', 'YH10080', 'leaddeal_xw', '1', 'IJbVJl4viPc=', '16898545121', '12345', '12@qq.com', '1', '2017-05-17 16:41:10', '67213fb6', '2017-05-17 16:41:10', '67213fb6', 'headportraitpath/3/1495010341102.jpg', '小', '0', '');
INSERT INTO `c_user` VALUES ('af97d713-d', '236bb8e8-5', 'YH10138', 'ceshi3', '0', 'SnVaCXwVw36HdhmgH5NQaw==', '13043480000', '779310651', '779310651@qq.com', '1', '2017-11-06 19:00:51', '1', '2017-12-13 14:36:24', '1', 'headportraitpath/af97d713-d/1513216085963.jpg', '班', '1', '清湖');
INSERT INTO `c_user` VALUES ('b07c9fa4-0', '9481cf73-9', 'YH10181', 'kyle003', '1', 'YybxV5ndx74=', '13626262626', '456565', '123@QQ.COM', '1', '2017-11-27 15:13:15', 'b084da59-4', '2017-11-27 16:28:51', 'b084da59-4', 'headportraitpath/9481cf73-9/1511766645538.jpg', 'jinling', '1', '广东省深圳市龙华区龙华街道122号');
INSERT INTO `c_user` VALUES ('b084da59-4', '957740ba-b', 'YH10178', 'jinling-agent', '1', 'YybxV5ndx74=', '13662222222', '465615226', '123@qq.com', '1', '2017-11-27 14:42:39', '1', '2017-12-13 14:24:16', '1', 'headportraitpath/957740ba-b/1511764838064.jpg', 'jinling', '1', '1111111111111');
INSERT INTO `c_user` VALUES ('b1f2a822', 'da4d74cb-d', 'YH10280', 'testhu', '1', 'cm31eaLjLjUV90JeQbbswQ==', '13760358105', '342123924', '342123924@qq.com', '1', '2018-06-01 11:56:30', '3b8e4bb2-1', '2018-06-01 11:57:29', 'b1f2a822', '', '胡', '0', '');
INSERT INTO `c_user` VALUES ('b50973fc-3', '95271549-6', 'YH10157', 'xiong3', '0', 'vOyHwosM1CN8tG/W24gpzQ==', '1541245416516', '1516351635', '15615313131@qq.com', '1', '2017-11-23 16:36:56', 'abb18379-e', '2017-11-27 21:58:11', 'b50973fc-3', '', '123132315', '1', '');
INSERT INTO `c_user` VALUES ('b54bac57-a', 'e50236f6-b', 'YH10243', 'lans12302', '1', 'Nooxoitq1Po=', '18025636958', '180256369', '180256369@qq.com', '1', '2018-02-23 20:19:12', '257ebdf7-d', '2018-02-23 20:24:40', '257ebdf7-d', '', 'lan', '1', '');
INSERT INTO `c_user` VALUES ('b79a9c59-5', '471ea06c-6', 'YH10053', 'mamie11', '1', 'FhhZl/Ij5+l8tG/W24gpzQ==', '18028693542', '125632', '125632@qq.com', '1', '2017-05-12 10:39:56', '1', '2017-05-12 10:51:44', 'b79a9c59-5', '', '刘', '1', null);
INSERT INTO `c_user` VALUES ('b7d00973', '471ea06c-6', 'YH10135', 'dayu-003', '1', 'Nooxoitq1Po=', '18025362514', '444444', '444444@qq.com', '1', '2017-08-14 16:22:01', 'b79a9c59-5', '2017-08-14 16:22:24', 'b7d00973', '', '2', '0', '');
INSERT INTO `c_user` VALUES ('ba61b72b-1', 'a3ecdbf9-d', 'YH10131', 'kyle0033', '1', 'YybxV5ndx74=', '13366666666', '452371999', '452371999@qq.com', '1', '2017-07-31 17:54:42', '1', '2018-06-12 15:02:00', '1', '', '金玲', '1', 'qingxianglu55');
INSERT INTO `c_user` VALUES ('baec40a6-3', 'dcc34168-f', 'YH10257', 'xjx001', '1', 'YybxV5ndx74=', '18956456456', '452371999', '123@qq.com', '1', '2018-03-05 09:51:08', 'a71904c0-3', '2018-06-07 15:35:49', 'a71904c0-3', '', '金玲', '1', '');
INSERT INTO `c_user` VALUES ('bb12fd2d', 'da4d74cb-d', 'YH10073', 'mamie1234', '1', 'IJbVJl4viPc=', '18025632544', '2365424', '2365424@qq.com', '0', '2017-05-17 14:36:05', '3b8e4bb2-1', '2017-05-17 17:52:15', '3b8e4bb2-1', '', 'lan4', '0', 'sss4');
INSERT INTO `c_user` VALUES ('bb60733f-3', 'deb69998-5', 'YH10120', 'xjx1112', '0', 'IJbVJl4viPc=', '123', '1322135', '123@qq.com', '1', '2017-06-06 15:01:18', '1', '2018-03-02 17:01:28', '1', '', '123', '1', '');
INSERT INTO `c_user` VALUES ('bf4ded6d-e', '2eaa97b3-2', 'YH10273', 'mamie134', '1', 'Nooxoitq1Po=', '18036263995', '96325695', '96325695@qq.com', '1', '2018-04-09 17:00:09', '1', '2018-04-18 15:05:00', '1', '', 'lan', '1', '');
INSERT INTO `c_user` VALUES ('bf683fbd', '80db72d3-e', 'YH10266', 'mamie133-2', '1', 'Nooxoitq1Po=', '18023652362', '6935265', '6935265@qq.com', '1', '2018-03-07 16:21:31', 'cc93f554-a', '2018-03-07 16:38:29', 'bf683fbd', '', 'song', '0', '');
INSERT INTO `c_user` VALUES ('bf743e73-6', '0c81ac61-4', 'YH10161', 'agclient-KYLE', '1', 'YybxV5ndx74=', '162616161', '2464641', '123@qq.com', '1', '2017-11-23 17:18:20', '6f1e5ede-a', '2017-11-29 16:41:32', '6f1e5ede-a', 'headportraitpath/0c81ac61-4/1511428511030.jpg', '金玲', '1', '广东省深圳市龙华区龙华街道122号');
INSERT INTO `c_user` VALUES ('c0c0db95-7', '6321f7c6-6', 'YH10174', 'kyle-122333', '1', 'IJbVJl4viPc=', '13222121211', '4565545555', '123@qq.com', '1', '2017-11-24 17:42:44', '1', '2017-12-08 10:26:41', '1', '', '金玲', '1', '');
INSERT INTO `c_user` VALUES ('c0fe3126-0', '7f2760a3-0', 'YH10261', 'lansong130', '1', 'Nooxoitq1Po=', '18056326952', '6395646', '6395646@qq.com', '1', '2018-03-07 11:14:31', '1', '2018-03-07 11:21:58', '1', '', 'lan', '1', '');
INSERT INTO `c_user` VALUES ('c223650c-2', 'efc5943e-9', 'YH10231', 'kyle009', '0', 'YybxV5ndx74=', '12345678912', '1235611', '123165@qq.com', '1', '2018-01-15 20:28:56', '444e1ae4-b', '2018-01-15 20:29:19', 'c223650c-2', '', 'ewqwqe', '1', '23');
INSERT INTO `c_user` VALUES ('c2f35e2b-4', 'd434ad66-3', 'YH10227', 'mamie124', '1', 'Nooxoitq1Po=', '18026365215', '362595', '362595@qq.com', '1', '2018-01-15 17:38:56', '1', '2018-03-21 20:25:11', '1', '', 'lan', '1', '');
INSERT INTO `c_user` VALUES ('c33489c2-7', '64f3bf94-5', 'YH10164', 'ceshi33', '0', 'SnVaCXwVw36HdhmgH5NQaw==', '110', '779310651', '779310651@qq.com', '1', '2017-11-23 17:48:57', '6f1e5ede-a', '2017-12-20 10:01:48', 'SU00010189', 'headportraitpath/c33489c2-7/1512029016591.jpg', '小班', '1', '');
INSERT INTO `c_user` VALUES ('c89607d8-d', 'ff792268-d', 'YH10050', 'ceshi2', '0', 'Nooxoitq1Po=', '11111111111', '1111111', '111@163.com', '1', '2017-05-04 12:19:29', '1', '2017-10-18 11:46:11', 'c89607d8-d', '', '11111111', '1', '');
INSERT INTO `c_user` VALUES ('cb9e433f-3', 'a032f452-7', 'YH10234', 'lans124', '1', 'Nooxoitq1Po=', '18025632514', '635256', '635256@qq.com', '1', '2018-01-19 15:31:53', 'd36fcf01-4', '2018-06-07 18:40:26', 'd36fcf01-4', '', 'lan', '1', '');
INSERT INTO `c_user` VALUES ('cc93f554-a', '80db72d3-e', 'YH10264', 'mamie133', '1', 'Nooxoitq1Po=', '18026365251', '96352652', '96352652@qq.com', '1', '2018-03-07 16:13:02', '1', '2018-06-06 16:18:49', '1', '', 'lan', '1', '');
INSERT INTO `c_user` VALUES ('cdb63c2c-e', '2d3a460e-c', 'YH10107', 'gongwenxian111111', '0', 'IJbVJl4viPc=', '11111', '11111111', 'sdfd@qds.com', '1', '2017-05-22 11:49:02', '1', '2017-11-15 10:20:52', '1', '', '1111111', '1', '');
INSERT INTO `c_user` VALUES ('d0b2c89f-f', '0e6875b7-e', 'YH10150', 'ZM0005', '0', 'IJbVJl4viPc=', '11', '111111', '111@123.com', '1', '2017-11-23 14:53:45', '1', '2017-11-23 14:55:01', '1', '', '11111', '1', '');
INSERT INTO `c_user` VALUES ('d2db8908-6', '5653c502-f', 'YH10283', 'testhu01', '1', 'px6xjP4YCG4=', '13760358105', '342123924', '22332222@qq.com', '1', '2018-06-04 11:55:59', '1', '2018-06-06 16:39:35', '1', '', '胡', '1', '');
INSERT INTO `c_user` VALUES ('d36fcf01-4', 'eb8ce6f4-2', 'YH10233', 'lansong124', '1', 'Nooxoitq1Po=', '18023625124', '180236', '1802362@qq.com', '1', '2018-01-19 11:07:11', '1', '2018-06-07 18:40:15', '1', '', 'lan', '1', '');
INSERT INTO `c_user` VALUES ('d6389420-7', '62252378-9', 'YH10220', 'zmzmdls1', '0', 'IJbVJl4viPc=', '11', '11111', '111@16.com', '1', '2018-01-12 10:15:57', '6f1e5ede-a', '2018-01-12 10:15:57', '6f1e5ede-a', '', '11', '1', '');
INSERT INTO `c_user` VALUES ('d77ae8fa-5', '133799d4-c', 'YH10274', 'mamie135', '1', 'Nooxoitq1Po=', '18025636523', '696325', '696325@qq.com', '1', '2018-04-09 17:28:53', '1', '2018-06-05 12:10:58', '1', '', 'lan', '1', '');
INSERT INTO `c_user` VALUES ('da41524e-9', 'bce76982-a', 'YH10268', 'lans131-1', '1', 'Nooxoitq1Po=', '18026323652', '632569', '632569@qq.com', '1', '2018-03-07 17:15:49', '7a526e43-8', '2018-03-07 17:29:19', 'da41524e-9', '', 'lan', '1', '');
INSERT INTO `c_user` VALUES ('dabe55a7-e', '4a813224-f', 'YH10251', 'lansong128', '1', 'Nooxoitq1Po=', '18025636254', '9652635', '9652635@qq.com', '1', '2018-02-28 17:26:24', '1', '2018-05-09 16:43:09', '1', '', 'lan', '1', '');
INSERT INTO `c_user` VALUES ('dc75efa1-3', '3dc49b65-8', 'YH10089', 'gongwenxian', '0', 'MaoaLPdlqoHQeeYI2hGMxQ==', '18008445998', '119215684', '1192151684@qq.com', '1', '2017-05-18 17:49:49', '1', '2017-10-18 11:58:28', '1', '', '龚文贤', '1', 'DD');
INSERT INTO `c_user` VALUES ('ddc502a7-1', 'c0131813-b', 'YH10286', 'cshuli', '1', 'jN/cmuM63N4=', '1358656695', '25665551', '25665551@qq.com', '1', '2018-06-04 16:28:36', '1', '2018-06-05 16:57:06', '1', '', 'huuu', '1', '');
INSERT INTO `c_user` VALUES ('de35a30c-6', '9627c4cd-a', 'YH10197', 'dlmaimei', '1', 'Nooxoitq1Po=', '18025632515', '365245', '365245@qq.com', '1', '2017-11-29 14:23:37', '70bb90c4-0', '2018-07-20 10:01:06', '70bb90c4-0', '', 'lans', '1', 'fgrtrtuytu');
INSERT INTO `c_user` VALUES ('df26227b-1', 'a02c52b8-3', 'YH10182', 'chenfei', '0', 'IJbVJl4viPc=', '123', '123456', '123@qq.com', '1', '2017-11-27 15:59:48', '1', '2017-11-27 15:59:48', '1', '', '123', '1', '');
INSERT INTO `c_user` VALUES ('e5d9e6a5-b', '59939a97-9', 'YH10099', 'gongwenxian1112', '0', 'IJbVJl4viPc=', '18756485648', '123546', '132@qqw.com', '1', '2017-05-18 18:50:04', '1', '2017-05-22 14:59:16', '1', '', '1', '1', '11');
INSERT INTO `c_user` VALUES ('e9b121de', '3', 'YH10069', 'zm', '0', 'N+helfjAMhvW8oZOUZci0A==', '12223333333', '12222333', 'zm@163.com', '1', '2017-05-16 21:22:13', '2', '2017-05-17 16:05:20', '2', 'headportraitpath/3/1495005285511.jpg', 'zm', '0', 'GGGZZZ');
INSERT INTO `c_user` VALUES ('ec9880f9-2', '4f2b80ec-4', 'YH10258', 'xjx002', '1', 'YybxV5ndx74=', '18945623412', '452371999', '123@qq.com', '1', '2018-03-05 09:52:29', 'a71904c0-3', '2018-03-30 16:45:33', 'a71904c0-3', '', 'jinling', '1', '');
INSERT INTO `c_user` VALUES ('ee6fbac3-6', '3a82c026-7', 'YH10063', 'xjx', '0', 'YybxV5ndx74=', '12345678901', '5662273', '5662273@qq.com', '1', '2017-05-16 15:16:46', '1', '2018-01-18 10:47:26', '1', '', 'Jesse', '1', '湖南省');
INSERT INTO `c_user` VALUES ('f2465de6-3', '31fdf0f4-e', 'YH10169', 'xiong5', '0', 'IJbVJl4viPc=', '123456', '123456', '123456@qq.com', '1', '2017-11-24 12:11:51', 'abb18379-e', '2017-11-28 10:56:04', 'abb18379-e', '', '123156456', '1', '');
INSERT INTO `c_user` VALUES ('f2dee126-1', '3aaf5d04-6', 'YH10037', '1231', '0', 'IJbVJl4viPc=', '18218808436', '123123', '12@qq.com', '1', '2016-12-03 13:46:41', '1', '2016-12-03 13:46:41', '1', 'productImage/1/1480743981550.jpeg', '12', '1', null);
INSERT INTO `c_user` VALUES ('f7fdc353', 'da4d74cb-d', 'YH10047', 'mamie125', '0', '/bJsV1aWAMt8tG/W24gpzQ==', '18023652145', '336521', '336521@qq.com', '1', '2017-05-17 14:37:15', '3b8e4bb2-1', '2017-05-17 18:36:00', '3b8e4bb2-1', 'headportraitpath/da4d74cb-d/1495017358243.jpg', 'lan', '0', 'dfdgfghgj');
INSERT INTO `c_user` VALUES ('fc64ed14-c', 'd2c3896c-f', 'YH10237', 'mamie127', '1', 'Nooxoitq1Po=', '18023625365', '63628265', '636282@qq.com', '1', '2018-02-08 15:18:08', '1', '2018-03-21 11:46:55', '1', '', 'lan', '1', '');
INSERT INTO `c_user` VALUES ('fd516485-3', 'e23caf2f-5', 'YH10244', 'lans125', '1', 'Nooxoitq1Po=', '18026365248', '6965235', '6965235@qq.com', '1', '2018-02-24 11:45:13', '743d586e-7', '2018-02-24 12:04:24', '743d586e-7', '', 'lan', '1', '');
INSERT INTO `c_user` VALUES ('qwqeweqwe', '3', 'YH10010', 'test_01', '0', 'IJbVJl4viPc=', '18218808436', '123123', '12@qq.com', '1', '2016-12-03 13:46:41', '1', '2016-12-03 13:46:41', '1', null, '12', '0', null);
INSERT INTO `c_user` VALUES ('SU00010189', 'd0ea50c0-0', '003', '测试333', null, 'SnVaCXwVw36HdhmgH5NQaw==', '13043480000', '', '779310652@qq.com', '1', '2017-11-28 16:25:51', '6f1e5ede-a', '2017-12-02 10:15:04', 'SU00010189', null, '小班', '0', '');
INSERT INTO `c_user` VALUES ('SU00010195', 'd0ea50c0-0', 'agent111', 'kyle', null, 'YybxV5ndx74=', '13046666666', '', '222@qq.com', '1', '2017-12-14 14:25:20', 'SU00010189', '2017-12-14 14:25:20', 'SU00010189', null, '金玲', '0', '');
INSERT INTO `c_user` VALUES ('SU00010204', 'd0ea50c0-0', '1111', '1111', null, 'g/1nnIH+2KUVnGxJk37Pbg==', '11111111111', '111111', '11111111@163.com', '1', '2017-12-02 15:30:50', '6f1e5ede-a', '2017-12-02 15:33:41', 'SU00010204', null, '1111', '0', '1111111');
INSERT INTO `c_user` VALUES ('SU00010208', 'c7be5421-0', 'kyle009', 'kyle33', null, 'YybxV5ndx74=', '18888888888', '', '1263@qq.com', '1', '2018-01-30 17:51:43', '444e1ae4-b', '2018-01-30 17:51:43', '444e1ae4-b', null, '金玲', '0', '');
INSERT INTO `c_user` VALUES ('SU00010214', 'd14fa5ab-8', 'wgw01', 'wgw01', null, 'Nooxoitq1Po=', '', '', '324324234@qq.com', '1', '2018-01-10 14:20:39', '31088636-2', '2018-01-10 14:33:03', 'SU00010214', null, 'wgw', '0', '');
INSERT INTO `c_user` VALUES ('SU00010215', 'd14fa5ab-8', 'wgw02', 'wgw02', null, 'IJbVJl4viPc=', '', '', '1232434234@qq.com', '1', '2018-01-10 14:30:15', '31088636-2', '2018-01-10 14:30:15', '31088636-2', null, 'wgw', '0', '');
INSERT INTO `c_user` VALUES ('SU00010216', 'b2126bc4-3', 'lansong2', 'lansong222', null, 'Nooxoitq1Po=', '18025632536', '32654', '32654@qq.com', '1', '2018-01-10 15:48:37', '70bb90c4-0', '2018-05-10 18:02:48', 'SU00010216', null, 'lansong2', '0', '32654');
INSERT INTO `c_user` VALUES ('SU00010260', '4a813224-f', '吴光伟', 'wgw', null, 'IJbVJl4viPc=', '', '', '1111111@aaa.com', '1', '2018-03-06 11:37:21', 'dabe55a7-e', '2018-03-06 11:38:44', 'dabe55a7-e', null, '111', '0', '');
INSERT INTO `c_user` VALUES ('SU00010263', 'b2126bc4-3', 'wgw001', 'wgw001', null, 'Nooxoitq1Po=', '', '', '23424232@qq.com', '1', '2018-03-07 15:34:17', '70bb90c4-0', '2018-03-10 14:46:22', 'SU00010263', null, 'wgw', '0', '');
INSERT INTO `c_user` VALUES ('SU00010271', 'd2104b00-4', 'jinling002', 'jinling002', null, 'YybxV5ndx74=', '', '', '454471999@qq.com', '1', '2018-03-09 17:04:29', 'a71904c0-3', '2018-03-09 17:42:53', 'SU00010271', null, '金玲', '0', '');
